problem_id,Problem,Query,Label,source_index,type,target_name
prob_1,prob_1,"You want to sell a kind of item in order to maximize your profit. Market research tells you that if you set the price at $1.50, you will be able to sell 5000 items, and for every 10 cents you lower the price below $1.50 you will be able to sell another 1000 items. You can only reduce the price by a multiple of 10 cents. Suppose that your fixed costs ( “start-up costs” ) total $2000, and the per item cost of production ( “marginal cost” ) is $0.50. Find the price to set per item and the number of items sold in order to maximize profit, and also determine the maximum profit you can get.",3600,0,linear-notable,The maximum profit you can get
prob_2,prob_2,"A logistics company is managing the distribution of three types of goods: GoodsX, GoodsY, and GoodsZ. The company needs to determine the number of trucks allocated to each type of goods and the number of trips per truck for each type of goods will make in the upcoming month. For ease of management, the number of trips per truck is the same for all trucks of the same type of goods. Additionally, the company wants to invest in fuel-efficient upgrades of trucks for each type of goods, which will reduce fuel costs per trip. The company has a total of 50 trucks available for the month. The total investment in fuel efficiency upgrades cannot exceed $60,000. Due to operational constraints, each truck can make no more than 20 trips in the month. The company must ensure that at least 10 trucks are allocated to GoodsX and 15 trucks to GoodsY. The fuel cost per trip for each type of goods decreases by $10 for every $10,000 invested in fuel efficiency upgrades for that type of goods. The initial fuel cost per trip for GoodsX is $200, for GoodsY is $250, and for GoodsZ is $300. The revenue generated per trip is $500 for GoodsX, $600 for GoodsY, and $700 for GoodsZ. The company aims to maximize the total profit from all goods.",395000,1,nonlinear-notable,Total Profit
prob_3,prob_3,There are two ways to extract a metal from mined ores. The first way is to use process J and the second is process P. Process J can extract 5 units of metal using 8 units of water and produces 3 units of pollution. Process P can extract 9 units of metal using 6 units of water and produces 5 units of pollution. There can be at most 1500 units of water 1350 units of pollution. How many of each type of processes should be performed to maximize the amount of metal extracted?,2250,2,linear-notable,The total metal extracted
prob_4,prob_4,"A rectangular garden is to be constructed using a rock wall as one side of the garden and wire fencing for the other three sides. Given 100ft of wire fencing, determine the dimensions that would create a garden of maximum area. What is the maximum area?",1250,3,nonlinear-notable,The maximum area of the garden
prob_5,prob_5,"There are six cities (cities 1-6) in Kilroy County. The county must determine where to build fire stations. The county wants to build the minimum number of fire stations needed to ensure that at least one fire station is within 15 minutes (driving time) of each city. The times (in minutes) required to drive between the cities in Kilroy County are shown in Table 6: Time Required to Travel between Cities in Kilroy County, From City 1 to ctiy 1-6 are 0 10 20 30 30 20; From City 2 to ctiy 1-6 are 10 0 25 35 20 10; From City 3 to ctiy 1-6 are 20 25 0 15 30 20; From City 4 to ctiy 1-6 are 30 35 15 0 15 25; From City 5 to ctiy 1-6 are 30 20 30 15 0 14; From City 5 to ctiy 1-6 are 20 10 20 25 14 0. Formulate an linear problem that will tell Kilroy how many fire stations should be built and where they should be located.",2,4,linear-table,The optimal number of fire stations to be built is
prob_6,prob_6,A milk tea shop has 50000 ml of milk to make two milk teas: black milk tea and green milk tea. A bottle of black milk tea contains 300 ml of milk while a bottle of green milk tea has 200 ml of milk. The shop knows that they need to make at least three times the number of bottles of black milk tea than green milk tea. They also know that they need to make at least 10 bottles of green milk tea. Each bottle of black milk tea is sold for a profit of $2.5 and each bottle of green milk tea is sold for a profit of $7. How many of each type of milk tea needs to be made in order to maximize profit?,655,5,linear-notable,Total profit
prob_7,prob_7,"A logistics company is managing the distribution of three types of goods: GoodsX, GoodsY, and GoodsZ. The company needs to decide how many trucks to allocate for each type of good and how much to invest in route optimization software to optimize delivery efficiency and minimize costs. The relationship between investment in optimization and cost reduction for each type of good is given in the following Table. | Goods | Initial Cost per Truck | Cost Reduction per $100 Investment | |-------|------------------------|-----------------------------------| | GoodsX | $1,000 | $10 | | GoodsY | $1,200 | $12 | | GoodsZ | $1,500 | $15 | The company has a total of 50 trucks available for allocation. The budget for route optimization software is $10,000. Due to contractual obligations, the company must allocate at least 10 trucks for GoodsX and 15 trucks for GoodsY. The company wants to ensure that the total investment in optimization does not exceed the total cost savings from using the software. The company aims to minimize the total delivery cost for all goods.",18000,6,nonlinear-table,Total Cost
prob_8,prob_8,"Jacob has $3000 to invest. He has decided to invest in his favorite clothing company and his favorite tech company. He has decided that the money invested in his favorite clothing company must be at least four times as much as the amount invested in his favorite tech company. He has also limited himself to invest at most $500 in his favorite tech company. If the money invested in his favorite clothing company earns 7% and the money invested in his favorite tech company earns 10%, how much should he invest in each to maximize his profit?",225,7,linear-notable,Total profit
prob_9,prob_9,"Of all rectangles of area 100, which has the smallest perimeter?",40,8,nonlinear-notable,The perimeter of the rectangle
prob_10,prob_10,"A golf course is hosting an event and can transport guests using either golf carts or pull carts. A golf cart can take 4 guests while a pull cart can take 1 guest. Since golf carts take up a lot of space, at most 60% of carts can be golf carts. If the golf course needs to transport at least 80 guests, how many of each cart should be used to minimize the total number of carts needed?",29,9,linear-notable,The total number of carts used
prob_11,prob_11,"To graduate from Basketweavers University with a major in operations research, a student must complete at least two math courses, at least two OR courses, and at least two computer courses. Some courses can be used to fulfill more than one requirement: Calculus can fulfill the math requirement; operations research, math and OR requirements; data structures, computer and math requirements; business statistics, math and OR requirements; computer simulation, OR and computer requirements; introduction to computer programming, computer requirement; and forecasting, OR and math requirements. Some courses are prerequisites for others: Calculus is a prerequisite for business statistics; introduction to computer programming is a prerequisite for computer simulation and for data structures; and business statistics is a prerequisite for forecasting. Minimizes the number of courses needed to satisfy the major requirements.",4,10,linear-notable,The minimum number of courses needed
prob_12,prob_12,"A man on a strict diet only drinks meal replacement drinks from two brands, alpha and omega. The alpha brand drink contains 30 grams of protein, 20 grams of sugar, and 350 calories per bottle. The omega brand drink contains 20 grams of protein, 15 grams of sugar, and 300 calories per bottle. The man wants to get at least 100 grams of protein and 2000 calories. In addition, because the omega brand drink contains tiny amounts of caffeine, at most 35% of the drink should be omega brand. How many bottles of each should he drink to minimize his sugar intake?",110,11,linear-notable,The total sugar intake
prob_13,prob_13,A fashion company sells regular handbags and premium handbags made of higher quality material. They can sell regular handbags at a profit of $30 each and premium handbags at a profit of $180 each. The total monthly cost of manufacturing is $200 per regular handbag and $447 per premium handbag. The company has a total budget of $250000 and can sell at most 475 handbags of either type per month. How many of each handbag should they sell to maximize its monthly profit?,85500,12,linear-notable,The monthly profit
prob_14,prob_14,"A man is trapped in a swamp at the location: (3/4,0). The swamp is a curve that y >= x^2, and x >= 0. The rescue team must stay as close to him as possible so that they can pass a rope to him. Find the BEST LOCATION of the rope required to rescue him.",0.4998083998257366,13,nonlinear-notable,The x cordinate of the best location
prob_15,prob_15,"A bakery produces five types of cakes: C1, C2, C3, C4, and C5. They need to determine the quantities of each cake to produce. For C2, the revenue per unit is $40, the production time per unit is 2 hours, and the ingredient cost per unit is $15. For C3, the revenue per unit is $50, the production time per unit is 3 hours, and the ingredient cost per unit is $20. For C4, the revenue per unit is $60, the production time per unit is 4 hours, and the ingredient cost per unit is $25. For C5, the revenue per unit is $70, the production time per unit is 5 hours, and the ingredient cost per unit is $30. The bakery has a limited production line and can only produce one cake at a time. The bakery wants to maximize the profit efficiency (profit per hour of production time). The bakery has a limited production time of 80 hours. The bakery has a budget of $3000 for ingredient costs. The bakery has a production capacity of 200 units in terms of the number of units it can produce. Due to market demand, the bakery must produce at least 40 units in total. For C1, the revenue per unit is $30, the production time per unit is 1 hour, and the ingredient cost per unit is $10.",20,14,nonlinear-notable,Profit Efficiency
prob_16,prob_16,"A smoothie shop has a promotion for their two smoothies; an acai berry smoothie and a banana chocolate smoothie. It takes 7 units of acai berries and 3 units of water to make the acai berry smoothie. It takes 6 units of banana chocolate and 4 units of water to make the banana chocolate smoothie. Banana chocolate smoothies are more popular and thus the number of banana chocolate smoothies made must be more than the number of acai berry smoothies made. However, the acai berry smoothies have a loyal customer base, and at least 35% of the smoothies made must be acai berry smoothies. If the smoothie shop has 3500 units of acai berries and 3200 units of banana chocolate, to reduce the total amount of water, how many of each smoothie type should be made?",18,15,linear-notable,The total amount of water used
prob_17,prob_17,"A chicken farmer has sold his chicken and they need to be transported either by bus or by car. A bus can take 100 chicken and takes 2 hours per trip. A car can take 40 chicken and takes 1.5 hours per trip. There can be at most 10 bus trips and at least 60% of the trips must be by car. If the farmer needs to transport 1200 chicken, how many trips of each should be done to minimize the total time needed to transport the chicken?",34.5,16,linear-notable,The total time taken to transport the chicken
prob_18,prob_18,"A telecommunications company installs internet service and TV service in buildings. Each internet service takes 60 minutes of wiring time and 10 minutes of box installation time. Each TV service takes 50 minutes of wiring time and 20 minutes of box installation time. The company has available 7000 minutes of wiring time and 4000 minutes of box installation time. If the profit per internet service installation is $100 and the profit per TV service installation is $120, how many of each should be installed to maximize profit?",16800,17,linear-notable,The total profit
prob_19,prob_19,"A manufacturing company produces three types of electronic devices: smartphones, tablets, and laptops. The company has four different production lines, each with varying efficiency and capacity. On production line 1, each worker produces 10 smartphones, 5 tablets, and 3 laptops per hour. On production line 2, each worker produces 8 smartphones, 6 tablets, and 4 laptops per hour. On production line 3, each worker produces 6 smartphones, 7 tablets, and 5 laptops per hour. On production line 4, each worker produces 5 smartphones, 8 tablets, and 6 laptops per hour. The company needs to produce at least 1000 smartphones, 800 tablets, and 600 laptops daily. The production lines can only be operated or shut down at the same time. Determine the minimum number of hours needed to meet the daily demand. There are a total of 50 workers available. Each production line can be staffed by up to 20 workers at a time. The company wants to ensure that at least one production line is fully staffed (20 workers) if it is operational. Each production line has different productivity rates for each device.",20,18,nonlinear-notable,Workers on Production Line 1
prob_20,prob_20,Find the dimensions of the rectangle of largest area having fixed perimeter 100.,625,19,nonlinear-notable,The maximum area of the rectangle
prob_21,prob_21,"There are six cities (cities 1-6) in Kilroy County. The county must determine where to build fire stations. The county wants to build the minimum number of fire stations needed to ensure that at least one fire station is within 15 minutes (driving time) of each city. The times (in minutes) required to drive between the cities in Kilroy County are shown in Table 6: Time Required to Travel between Cities in Kilroy County, From City 1 to ctiy 1-6 are 0 10 20 30 30 20; From City 2 to ctiy 1-6 are 10 0 25 35 20 10; From City 3 to ctiy 1-6 are 20 25 0 15 30 20; From City 4 to ctiy 1-6 are 30 35 15 0 15 25; From City 5 to ctiy 1-6 are 30 20 30 15 0 14; From City 5 to ctiy 1-6 are 20 10 20 25 14 0. Tell Kilroy how many fire stations should be built and where they should be located.",2,20,linear-table,The optimal number of fire stations to be built is
prob_22,prob_22,"On their farm, the Friendly family grows apples that they harvest each fall and make into three products: apple butter, applesauce, and apple jelly. They sell these products at local grocery stores, craft fairs, and at their own Friendly Farm Pumpkin Festival. They have a total of 500 cooking hours available, 240 hours of labor available during the fall, and about 6,500 apples for production. The following Table provides details on the cooking time, labor time, and number of apples required for a 10-gallon batch of each product, as well as the sales revenue generated by each batch. The Friendlys want to know how many batches of each product to produce in order to maximize their revenues. Table (Resource requirements and sales revenue for a 10-gallon batch of each product): | Product | Cooking Time (hrs) | Labor Time (hrs) | Apples Required | Sales Revenue ($) | | ------------- | ------------------ | ---------------- | --------------- | ----------------- | | Apple Butter | 3.5 | 1.2 | 40 | 190 | | Applesauce | 5.2 | 0.8 | 55 | 170 | | Apple Jelly | 2.8 | 1.5 | 20 | 155 |",27510,21,linear-table,Total Revenue
prob_23,prob_23,"A wine company sells two products. Its regular wine and a premium aged wine. The company makes x1 bottles of the regular wine per day and x2 bottled of the premium wine per day (x1 and x2 are unknown values greater than or equal to 0). The profit per bottle of regular wine is $20 ad the profit per bottle of the premium wine is $50. Current demand for the wine is at most 80 bottles of the regular wine per day and at most 50 bottles of the premium wine per day. The company only has enough supply to make 120 bottles of either type each day. How many bottles of each wine, regular and premium, should the company make to maximize profit?",3900,22,linear-notable,Maximum profit per day
prob_24,prob_24,"To protect soil from erosion, some farmers plant winter cover crops such as winter wheat and rye. In addition to conserving soil, cover crops often increase crop yields in the row crops that follow in spring and summer. Suppose that a farmer has 800 acres of land and plans to plant winter wheat and rye. The input cost for 1 acre for each crop is given in the table below along with the cost for machinery and labor. The profit for 1 acre of each crop is also provided. The farmer has budgeted a maximum of $90,000 for input costs and a maximum of $36,000 for labor and machinery. Determine the number of acres of each crop that the farmer should plant to maximize profit. (Assume that all crops will be sold.). What is the maximum profit? If the profit per acre for wheat were $40 and the profit per acre for rye were $45, how many acres of each crop should be planted to maximize profit? Table (Input Cost, Labor/Machinery Cost, and Profit per Acre for Wheat and Rye): | Crop | Input Cost per Acre | Labor/Machinery Cost per Acre | Profit per Acre (Original) | Profit per Acre (Adjusted) | |-------|---------------------|-------------------------------|----------------------------|----------------------------| | Wheat | $90 | $50 | $42 | $40 | | Rye | $120 | $40 | $35 | $45 |",30800,23,linear-table,The maximum profit
prob_25,prob_25,A piece of cardboard is 1 meter by 1/2 meter. A square is to be cut from each corner and the sides folded up to make an open-top box. What are the dimensions of the box with maximum possible volume?,0.02405645428965656,24,nonlinear-notable,The maximum volume of the box
prob_26,prob_26,"A city is planning to install three types of renewable energy sources: solar panels, wind turbines, and hydroelectric plants. The city needs to decide how many units of each type of energy source to install. Additionally, the city must determine the optimal placement of these units to maximize energy output while minimizing environmental impact. The city has a budget of $1,000,000 for the installation of renewable energy sources. The city has a total area of 5000 square meters available for installation. The city wants to ensure that at least 50% of the total energy output comes from solar panels. The city wants to install at least 1 unit of each type of energy source. The energy output from each solar panel is 500 kWh, from each wind turbine is 1000 kWh, and from each hydroelectric plant is 2000 kWh. The environmental impact of each solar panel is 2 units, of each wind turbine is 3 units, and of each hydroelectric plant is 5 units. The city aims to maximize the Energy-Impact Ratio, which is defined as the total energy output divided by the total environmental impact.",307.5852470424496,25,nonlinear-notable,Energy-Impact Ratio
prob_27,prob_27,"You are designing a rectangular poster by cutting from a rectangular piece of paper. The poster must have an area of 100 square inches. The top and bottom margins are 2 inches, and the side margins are 1 inch. What dimensions of the poster should you use to minimize the area of paper used?",164.5685424949238,26,nonlinear-notable,The area of paper used
prob_28,prob_28,Ayse produces a plant growth compound by mixing two types of fertilizer: C and Y. This growth compound must contain at least 5 units of nitrous oxide and 8 units of vitamin mix. Fertilizer C and Y cost $2 and $3 per kg respectively. Fertilizer C contains 1.5 units of nitrous oxide per kg and 3 units of vitamin mix per kg. Fertilizer Y contains 5 units of nitrous oxide per kg and 1 unit of vitamin mix per kg. Determine the minimum cost of Ayse's compound.,5.85185186,27,linear-notable,The minimum cost of the compound
prob_29,prob_29,"A logistics company operates a fleet of trucks and needs to plan the distribution of goods to five different regions: A, B, C, D, and E. The company must decide how many trucks to allocate to each region, considering the capacity and cost of each truck. Additionally, the company is considering leasing extra trucks from a third-party provider. The cost, cost per leased truck, and revenue per truck for each region are given in the following Table. | Region | Cost per Company Truck | Cost per Leased Truck | Revenue per Truck | |--------|------------------------|----------------------|-------------------| | A | $500 | $700 | $1200 | | B | $600 | $800 | $1300 | | C | $700 | $900 | $1400 | | D | $800 | $1000 | $1500 | | E | $900 | $1100 | $1600 | The company has a total of 40 trucks available, including both company-owned and leased trucks. The company has a budget of $25,000 for leasing trucks. Each region must be served by at least 3 trucks. The company aims to maximize the average net profit per truck (considering both company and leased trucks).",700,28,nonlinear-table,Average Net Profit per Truck
prob_30,prob_30,"A high rise building is buying two types of furnaces, a new model and an old model. A new model furnace can heat 10 apartments and consumes 200 kWh per day. An old model can heat 15 apartments and consumes 250 kWh per day. Since the old model is harder to find, at most 35% of the furnaces can be the old model and at least 5 new model furnaces should be used. If the high rise needs to heat at least 200 apartments and has 3500 kWh of electricity available, how many of each furnace should be purchase to minimize the total number of furnaces?",15,29,linear-notable,The total number of furnaces
prob_31,prob_31,"A meal service company delivers meals to customers either on electric bikes or scooters. A bike can hold 8 meals and requires 3 units of charge. A scooter can hold 5 meals and requires 2 units of charge. Since the city is more friendly towards scooters, at most 30% of the electric vehicles can be bikes and at least 20 scooters must be used. If the company only has 200 units of charge available, how many of each vehicle should be used to maximize the number of meals that can be delivered?",26,30,linear-notable,The number of bikes
prob_32,prob_32,"A framing company frames printed art and paintings. Each printed art takes 10 minutes for printing and 5 minutes for framing. Each painting takes 0 minutes for printing and 15 minutes for framing. The company has available 150 minutes for printing and 400 minutes for framing. If the profit per printed art sold is $5 and the profit per painting sold is $8, how many of each should they produce to maximize profits?",246,31,linear-notable,Total profit
prob_33,prob_33,"A city is planning to install three types of renewable energy sources: solar panels, wind turbines, and hydroelectric plants. The city needs to decide how many units of each type of energy source to install and determine the optimal placement to maximize energy output while minimizing environmental impact. The energy output and environmental impact of each type of energy source are given in the following Table. | Energy Source | Energy Output per Unit | Environmental Impact per Unit | |---------------|------------------------|-------------------------------| | Solar Panels | 500 kWh | 2 units | | Wind Turbines | 1000 kWh | 3 units | | Hydroelectric Plants | 2000 kWh | 5 units | The city has a budget of $1,000,000 for the installation of renewable energy sources. The city has a total area of 5000 square meters available for installation. The city wants to ensure that at least 50% of the total energy output comes from solar panels. The city also wants to install at least 1 unit of each type of energy source. The city aims to maximize the Energy-Impact Ratio, which is defined as the total energy output divided by the total environmental impact.",307.5852470424496,32,nonlinear-table,Energy-Impact Ratio
prob_34,prob_34,"Chip Green is the head groundskeeper at Birdie Valley Golf Club. For the mix of grass for the golf course, Chip has decided that the best fertilizer would be a 10-8-12 mixture. (Fertilizer is defined by three values: a, b and c where a is the percentage of nitrogen, b is the percentage of phosphorus, and c is the percentage of potash in the fertilizer. The remaining material is inert matter.) Chip can buy a 10-8-12 mix of fertilizer for $21.75 per 100 pounds, but there are other fertilizers on the market at a variety of prices. The chemical content of [nitrogen, phosphorus, potash] and prices are given below. Fertilizer 1: [10,8,12] for $21.75 per 100 pounds; Fertilizer 2: [8,11,15] for $23.75 per 100 pounds; Fertilizer 3: [12,7,12] for $22.00 per 100 pounds; Fertilizer 4: [10,10,10] for $19.50 per 100 pounds; Fertilizer 5: [15,10,6] for $18.50 per 100 pounds;. Chip would like to determine whether or not he could buy several fertilizers and mix them together to obtain a 10-8-12 mixture at a lower cost than $21.75 per 100 pounds. Recognizing that it might be impossible to obtain an exact 10-8-12 mix from the fertilizers, Chip is willing to accept chemical percentages of at least the target amounts, but no more than 0.5% above them (so the nitrogen level should be between 10% and 10.5%; the phosphorus level should be between 8% and 8.5%; the potash level should be between 12% and 12.5%). Please determine the proportion of each fertilizers in the compost.",0.65,33,linear-notable,The quantity of Fertilizer 1
prob_35,prob_35,"A manufacturing company produces three types of electronic components: A, B, and C. The company has four different production lines, each capable of producing these components with varying efficiencies. Each worker on line 2 can produce 8 units of component A, 10 units of component B, and 12 units of component C per hour. Each worker on line 3 can produce 12 units of component A, 6 units of component B, and 10 units of component C per hour. Each worker on line 4 can produce 15 units of component A, 8 units of component B, and 5 units of component C per hour. The company needs to produce at least 1000 units of component A, 800 units of component B, and 1200 units of component C daily. The production lines can only be operated if at least 5 workers are assigned. Please determine the minimum production time to meet the daily demand. There are total 50 workers available. Each production line can be utilized by up to 15 workers at a time. Each production line must have at least 5 workers to operate. Each worker on line 1 can produce 10 units of component A, 5 units of component B, and 15 units of component C per hour.",2.1818181818181817,34,nonlinear-notable,Minimum Production Time
prob_36,prob_36,"Calcium and Magnesium are found in two health supplements, health supplement A and health supplement B. One serving of health supplement A contains 30 grams of Calcium and 50 grams of Magnesium. One serving of health supplement B contains 60 grams of Calcium and 10 grams of Magnesium. The cost per health supplement for health supplement A is $14 and the cost per health supplement for health supplement B is $25. A patient must consume these two health supplements every day to get at least 400 grams of Calcium and 50 grams of Magnesium. Determine how much servings of each supplement the patient needs to minimize her daily cost.",175,35,linear-notable,The minimum daily cost
prob_37,prob_37,A hospital can transport their patients either using a type II ambulance or hospital van. The hospital needs to transport 320 patients every day. A type II ambulance is mounted on a truck-style chassis and can move 20 patients every shift and costs the hospital (including gas and salary) $820. A hospital van can move 15 patients and costs the hospital $550 every shift. The hospital can have at most 60% of shifts be hospital vans due to union limitations of the type II ambulance drivers. How many of shift using each type of vehicle should be scheduled to minimize the total cost to the hospital?,12600,36,linear-notable,The total cost to the hospital
prob_38,prob_38,"A cosmetics company makes high-end skincare products whose main customers are wealthy women, both young girls and middle-aged women. In order to promote their product line, they decided to invest in short commercial spots on two types of programs: social media and television. While each social media commercial is seen by 5 million young girls and 1 million middle-aged women, each television commercial is seen by 3 million young girls and 7 million middle-aged women. A 1-minute social media ad costs $30,000, and a 1-minute television ad costs $50,000. The company would like the commercials to be seen by at least 20 million young girls and 30 million middle-aged women. Use linear programming to determine how the cosmetics company can meet its advertising requirements at minimum cost.",260000,37,linear-notable,The minimum cost
prob_39,prob_39,"Euing Gas produces two types of gasoline (gas 1 and gas 2) from two types of oil (oil 1 and oil 2). Each gallon of gas 1 must contain at least 50 percent oil 1, and each gallon of gas 2 must contain at least 60 percent oil 1. Each gallon of gas 1 can be sold for 12$, and each gallon of gas 2 can be sold for 14$. Currently, 500 gallons of oil 1 and 1,000 gallons of oil 2 are available. As many as 1,500 more gallons of oil 1 can be purchased at the following prices: first 500 gallons, 25$ per gallon; next 500 gallons, 20$ per gallon; next 500 gallons, 15$ per gallon. Maximize Euing's profits (revenues - purchasing costs).",9500,38,linear-notable,The maximum profit
prob_40,prob_40,"Kevin needs vitamins to supplement his diet. He needs to get at least 25 units of vitamin A and 40 units of vitamin B everyday. In order to do so, he can buy capsules named Special Formula and One Daily. Each capsule of Special Formula contains 4 units of vitamin A and 5 units of vitamin B. Each capsule of One Daily contains 3 units of vitamin A and 7 units of vitamin B. If the cost per Special Formula capsule is $0.50 and the cost per One Daily capsule is $0.20, how many of each should he buy to minimize his cost?",1.8,39,linear-notable,The total cost
prob_41,prob_41,"A four-product T-shirt/sweatshirt manufacturing company must complete production within 72 hours. The truck capacity is limited to 1,200 standard-sized boxes, with each standard box holding 12 T-shirts. A box for a dozen sweatshirts is three times the size of a standard box. With $25,000 available for a production run and 500 dozen blank T-shirts and sweatshirts in stock, determine how many dozens (boxes) of each type of shirt should be produced to maximize profit. Consider the following table for resource requirements for the product mix. Table (Resource requirements per dozen of each product type): | Product Type | Processing Time (hr/dozen) | Cost ($/dozen) | Profit ($/dozen) | | ------------ | -------------------------- | -------------- | ---------------- | | Sweatshirt - F | 0.10 | $36 | $90 | | Sweatshirt - B/F | 0.25 | $48 | $125 | | T-shirt - F | 0.08 | $25 | $45 | | T-shirt - B/F | 0.21 | $35 | $65 |",45500,40,linear-table,The maximum profit
prob_42,prob_42,"A tea estate has available 500 acres of land and they need to pick the tea leaves either using a traditional machine or modern machine. For each acre of land, the traditional machine can pick 30 kg of tea leaves, creates 10 kg of waste, and requires 20 liters of fuel. For each acre of land, the modern machine can pick 40 kg of tea leaves, creates 15 kg of waste, and requires 15 liters of fuel. The estate has available 9000 liters of fuel can handle at most 6000 kg of waste. For how many acres should each machine be used to maximize the amount of tea leaves that can be picked?",300,41,linear-notable,The acres for traditional machine
prob_43,prob_43,"A woodshop can purchase two types of saws, a miter saw and a circular saw. A miter saw can cut 50 planks of wood and produces 60 units of sawdust per day. A circular saw can cut 70 planks of wood and produces 100 units of sawdust per day. The woodshop must cut at least 1500 planks of wood per day. However, to avoid too much pollution in the woodshop they can produce at most 2000 units of sawdust per day. How many of each type of saw should be purchased to minimize the total number of saws needed?",15,42,linear-notable,The number of miter saws
prob_44,prob_44,"Many companies or institutions, especially those operating 24 h daily, usually divide the daily schedule into discrete (say, T) time windows. Examples include hospitals, restaurants, call centers, and police departments. The number of staff required typically varies among time windows. Staff members are scheduled to n different (work) shifts, each covering m(m < T) consecutive time windows. Staff members assigned to different shifts may be paid differently, depending on which shift they work. For example, those working overnight are usually paid at a higher rate. The scheduling problem is to determine the number of workers to be assigned to each shift so that the company meets the demand in each time window. Following is an example of a 24 h fast food restaurant. The daily operation is divided into eight consecutive time windows, each of 3 h duration. A shift covers three consecutive time windows (i.e., 9h), as shown in Table: Time Window, Shift 1 2 3 4, Workers Required: 6 a.m.-9 a.m. Shift 1 and 4, the Required 55; 9 a.m.-12 noon Shift 1, the Required 46; 12 noon-3 p.m. Shift 1 and 2, the Required 59; 3 p.m.-6 p.m. Shift 2, the Required 23; 6 p.m.-9 p.m. Shift 2 and 3, the Required 60; 9 p.m.-12 a.m. Shift 3, the Required 38; 12 a.m.-3 a.m. Shift 3 and 4, the Required 20; 3 a.m.-6 a.m. Shift 4, the Required 30. The wage rate per 9 h for shift 1, 2, 3, 4: $135, $140, $190, X $188.",16650,43,linear-table,The total wage cost
prob_45,prob_45,"An investor has $70,000 to divide among several investment instruments. The returns for municipal bonds, CDs, t-bills, and growth stocks are given in the following Table. The investor must adhere to specific guidelines for the investment distribution: 1. No more than 20% in municipal bonds. 2. Investment in CDs should not exceed the other three alternatives. 3. At least 30% invested in t-bills and CDs. 4. More should be invested in CDs and t-bills than in municipal bonds and growth stocks by a ratio of 1.2 to 1. 5. All $70,000 should be invested. Maximize the profit. Table (Investment returns for each instrument): | Investment Instrument | Return Rate | | --------------------- | ----------- | | Municipal Bonds | 8.5% | | CDs | 5% | | T-bills | 6.5% | | Growth Stocks | 13% |",6618.1818299999995,44,linear-table,Total Profit
prob_46,prob_46,"Platinum Database sells two types of subscription software packages: a personal license and a commercial license which will cost $550 and $2000 to generate respectively. The marketing department estimates that they can sell at most 300 licenses for both versions combined a month. The profit per personal license is $450 and the profit per commercial version is $1200. If the company does not want to spend more than $400000, how many of each software package should they produce to maximize the profits.",256500,45,linear-notable,Total profit
prob_47,prob_47,"For a cylinder with surface area 50, including the top and the bottom, find the ratio of height to base radius that maximizes the volume.",27.14458472592633,46,nonlinear-notable,The maximum volume of the cylinder
prob_48,prob_48,An open-top box is to be made from a rectangular piece of cardboard by removing a square from each corner of the box and folding up the flaps on each side. The cardboard is 24 inches by 36 inches. Determine the length of the side of the square that should be cut out to maximize the volume of the box.,1825.2965881577802,47,nonlinear-notable,The maximum volume of the box
prob_49,prob_49,"A company is planning to optimize its energy consumption by installing solar panels and wind turbines. The company has identified three types of solar panels (A, B, C) and two types of wind turbines (X, Y) for installation. The company has a budget of $50,000 for the installation. The company aims to produce at least 10,000 kWh of energy. At least 20% of the budget should be spent on solar panels. The cost of solar panel A is $500, B is $700, and C is $900. The cost of wind turbine X is $1000, and Y is $1200. The energy output of solar panel A is 100 kWh, B is 150 kWh, and C is 200 kWh. The energy output of wind turbine X is 300 kWh, and Y is 400 kWh. The company wants to minimize the cost per unit of energy produced.",3.22077922077922,48,nonlinear-notable,Total Cost per Unit of Energy
prob_50,prob_50,"A factory provides rides for its employees in either taxis or company cars. Each taxi ride can take 2 employees while each company car ride can take 3 employees. Since buying and maintaining cars is expensive, at most 60% of the rides can be company car rides. However, there has to be at least 30 company car rides. If the company needs to transport at least 500 employees, how many rides of each should be done to minimize the total number of taxi rides.",78,49,linear-notable,The number of taxi rides
prob_51,prob_51,"A florist transports his flowers to stores in small bouquets and large bouquets. A small bouquet has 5 flowers while a large bouquet has 10 flowers. The florist can transport at most 80 small bouquets and 50 large bouquets. In total, he can transport at most 70 bouquets and he must transport at least 20 large bouquets. Since small bouquets are more popular, he must transport at least twice as many small bouquets as large bouquets. How many of each bouquet should he transport to maximize the total number of flowers that reach the stores?",465,50,linear-notable,The total number of flowers transported
prob_52,prob_52,"A grocery store wants to liquidate its stock of 10 apples, 20 bananas, and 80 grapes. Given past experience, the store knows that they can propose a banana-haters package with 6 apples and 30 grapes and that this package will bring a profit of six euros. Similarly, they can prepare a combo package with 5 apples, 6 bananas, and 20 grapes, yielding a profit of seven euros. They know they can sell any quantity of these two packages within the availability of its stock. What quantity of each package, banana-haters packages and combo packages, should the store prepare to maximize net profit?",14,51,linear-notable,The maximum net profit
prob_53,prob_53,"Glueco produces three types of glue on two different production lines. Each line can be utilized by up to seven workers at a time. Workers are paid $500 per week on production line 1, and $900 per week on production line 2. A week of production costs $1,000 to set up production line 1 and $2,000 to set up production line 2. During a week on a production line, each worker produces the number of units of glue shown in Table: Glue Production Line 1, 2; the glue 1, 2, 3: (20, 30, 40), (50, 35, 45). Each week, at least 120 units of glue 1, at least 150 units of glue 2, and at least 200 units of glue 3 must be produced. Minimize the total cost of meeting weekly demands.",5900,52,linear-table,The total cost
prob_54,prob_54,"Glueco has 3 different production lines for glue. He needs to determine the number of workers to assign to each production line. On production line 1, each worker produces 20 units of glue 1, 30 units of glue 2, and 40 units of glue 3 during a hour. On production line 2, each worker produces 50 units of glue 1, 35 units of glue 2, and 45 units of glue 3 during a hour. On production line 3, each worker produces 30 units of glue 1, 40 units of glue 2, and 50 units of glue 3 during a hour. Now, Glueco needs to produce at least 120 units of glue 1, at least 150 units of glue 2, and at least 200 units of glue 3. The three production lines can only be opened or closed at the same time. Please determine the minimum production time to meet the weekly demand. There are total 45 workers available. Each line can be utilized by up to 20 workers at a time. Glueco produces 3 types of glue on the 3 production lines.",0.09523809523809523,53,nonlinear-notable,Minimum Time to Meet Weekly Demand
prob_55,prob_55,"A pharmacy has 3000 mg of morphine to make painkillers and sleeping pills. Each painkiller pill requires 10 mg of morphine and 3 units of digestive medicine. Each sleeping pill requires 6 mg of morphine and 5 units of digestive medicine. The pharmacy needs to make at least 50 painkiller pills. Since sleeping pills are more popular, at least 70% of the pills should be sleeping pills. How many of each should the pharmacy make to minimize the total amount of digestive medicine needed?",735,54,linear-notable,The total amount of digestive medicine needed
prob_56,prob_56,"A logistics company operates a fleet of trucks and needs to plan the distribution of goods to five different regions: A, B, C, D, and E. The company must decide how many trucks to allocate to each region, considering the capacity and cost of each truck. Additionally, the company is considering leasing extra trucks from a third-party provider. For region B, the cost per company truck is $600, the cost per leased truck is $800, and the revenue per truck is $1300. For region C, the cost per company truck is $700, the cost per leased truck is $900, and the revenue per truck is $1400. For region D, the cost per company truck is $800, the cost per leased truck is $1000, and the revenue per truck is $1500. For region E, the cost per company truck is $900, the cost per leased truck is $1100, and the revenue per truck is $1600. The company aims to maximize the average net profit per truck (considering both company and leased trucks). The company has a total of 40 trucks available, including both company-owned and leased trucks. The company has a budget of $25,000 for leasing trucks. Each region must be served by at least 3 trucks. For region A, the cost per company truck is $500, the cost per leased truck is $700, and the revenue per truck is $1200.",700,55,nonlinear-notable,Average Net Profit per Truck
prob_57,prob_57,"Deutchlander Machine Company (DMC) manufactures two types of printing presses: a four-color litho and a two-color litho. Demand for both products is high and exceeds DMC's production capacity. The production is constrained by the availability of steel rollers, gear cutting capacity, and roller polishing capacity. The following Table details the requirements for each type of press. DMC can acquire 100 steel rollers per week, has 160 hours available for gear cutting, and 40 hours for roller polishing each week. To maintain market presence without increasing prices, DMC aims to produce at least two units of each press weekly. The profit for each four-color press is DM24,000 and for each two-color press is DM10,000. Maximize DMC's profit. Table (Resource requirements for each type of printing press): | Printing Press Type | Steel Rollers Required | Gear Cutting Time (hours) | Polishing Time (hours) | Profit per Unit (DM) | | ------------------- | ---------------------- | ------------------------- | ---------------------- | -------------------- | | Four-color litho | 16 | 30 | 8 | 24,000 | | Two-color litho | 8 | 12 | 3 | 10,000 |",128000,56,linear-table,The maximum profit
prob_58,prob_58,"A farmer is planning to plant three types of crops: Wheat, Corn, and Soybeans. The farmer needs to decide how many acres to allocate to each crop, as well as how many hours of labor to invest in each crop per acre. The expected yield per acre, price per kg, and labor cost per hour for each crop are given in the following Table. | Crop | Expected Yield per Acre | Price per Kg | Labor Cost per Hour | |-------------|-------------------------|--------------|---------------------| | Wheat | 500 kg | $0.20 | $10 | | Corn | 700 kg | $0.15 | $12 | | Soybeans | 400 kg | $0.25 | $8 | The farmer has a total of 100 acres available for planting. The farmer has a total of 500 hours of labor available. The farmer wants to ensure at least 30 acres are dedicated to Wheat. The hours of labor per acre for each crop should be at least 1. The farmer wants to maximize the net profit per acre.",9210,57,nonlinear-table,Total Profit
prob_59,prob_59,"Wilson Creek Farm has 200 acres of land available for planting. The owner is considering planting three crops: corn, soybeans, and wheat. The owner expects to have only 35,000 gallons of water available per week to use for the crops, and during the growing season he will only have 8000 person-hours of labor available. The expected profit per bushel of each crop is $1.00 for corn, $1.60 for soybeans, and $3.00 for wheat. The owner can use any mix of crops (i.e., he can plant the same crop on all 200 acres or he can plant all three crops in different proportions). Find the profit-maximizing planting strategy. The production yield, water requirements, and labor requirements for a salable crop are given in the following Table. Table (Crop data including bushels produced per acre, water required per acre per week, and person-hours of labor required per acre): | Crop | Bushels/Acre Produced | Water Required (gal/acre/week) | Person-Hours Labor Required/Acre | | --------- | --------------------- | ------------------------------ | -------------------------------- | | Corn | 300 | 200 | 35 | | Soybeans | 200 | 150 | 40 | | Wheat | 80 | 125 | 30 |",64000,58,linear-table,Maximum Profit
prob_60,prob_60,"A biotechnology company has 35,000 units of antibiotics available which is important to the process of making a first-dose and second-dose of vaccines. The first-dose vaccine requires 30 units of antibiotics and 20 mg of gelatine whereas the second-dose vaccine requires 65 units of antibiotics and 60 mg of gelatine. Since the first-dose vaccine is required before the second-dose vaccine, there must be more first-dose than second-dose vaccines manufactured. However, at least 40 second-dose vaccines must be made. How many of each vaccine should be made to minimize the amount of gelatine used?",40,59,linear-notable,The number of first-dose vaccines
prob_61,prob_61,"My cousin sells two different coffee blends: the Drummondville blend and the Victoriaville blend. Each blend contains both arabica and robusta coffee beans. A bag of the Drummondville blend contains 600 grams of arabica beans and 400 grams of robusta beans, whereas a bag of the Victoriaville blend contains 375 grams of arabica beans and 625 grams of robusta beans. The profit from each bag of Drummondville sold is $5 and the profit from each bag of Victoriaville blend sold is $7. If his total production must not exceed his available stock of 24000 grams of arabica beans and 17000 grams of robusta beans, how many bags of each type of blend should be blended to maximize profits? Formulate and solve.",208,60,linear-notable,The maximum profit
prob_62,prob_62,Find two positive numbers. The sum of the two numbers should be 300. Maximize the product of the two numbers.,150,61,nonlinear-notable,The first number
prob_63,prob_63,"Mrs. Watson wants to invest in the real-estate market and has a total budget of at most $760000. She has two choices which include condos and detached houses. Each dollar invested in condos yields a $0.50 profit and each dollar invested in detached houses yields a $1 profit. A minimum of 20% of all money invested must be in condos, and at least $20000 must be in detached houses. Formulate an LP that can be used to maximize total profit earned from Mrs. Watson's investment.",684000,62,linear-notable,The total profit from the investment
prob_64,prob_64,"A music company produces two types of digital keyboards, one is full-weighted and another is semi-weighted. Both keyboards are sold for $2800 and $2400 respectively. There are about 3500 oscillator chips available every day from which the full-weighted version requires 20 chips while the semi-weighted version requires 15 chips. The company has a total of 6 working hours a day. Both of these keyboards require a production time of 1.2 hours. What should be the manufacturing quantity for each of the keyboards to maximize the total revenue?",14000,63,linear-notable,Total revenue
prob_65,prob_65,"A handmade sports equipment manufacturing company makes basketballs and footballs. Basketballs require 5 units of materials and 1 hour to make whereas footballs require 3 units of materials and 2 hours to make. The manufacturing company has available 1500 units of materials and their workers working at max capacity can work for at most 750 hours. Since basketballs sell better, there must be at least three times as many basketballs as footballs but the manufacturing company would like at least 50 footballs. How many of each should the manufacturing company make to maximize the total number of sports equipment produced?",333,64,linear-notable,The total number of sports equipment produced
prob_66,prob_66,"A shipping company need to transport packages by either truck or car. A truck can transport 50 packages per trip while a car can transport 30 packages per trip. In addition, a truck uses 20 liters of gas per trip while a car uses 15 liters of gas per trip. There can be at most 5 truck trips made and at least 30% of all the trips must be made by car. The company needs to transport at least 500 packages. How many of each transportation should they use to minimize the total amount of gas consumed?",230,65,linear-notable,Total amount of gas consumed
prob_67,prob_67,"A woman has $100000 to gamble on two sports bets: a basketball tournament, a horse race, and a soccer game. Based on simple analysis, the woman determines her chance of losing her money would be 50% for basketball tournament, 25% for horse race, and 10% for the soccer game. The payout for each dollar put on each bet will be $1.2 for basketball tournament, $0.5 for horse race, and $0.1 for the soccer game. Knowing herself, she limits her average chance of losing her money should be at most 30%. Could you help her determine how much to money to put on each sport bet to maximize her average payout?",50000,66,linear-notable,The money to put on the basketball tournament
prob_68,prob_68,"An art store makes large and small art pieces. The store has available 100 units of paint, 50 units of glitter, and 70 units of glue. To make a large art piece requires 4 units of paint, 3 units of glitter, and 5 units of glue. To make a small art piece requires 2 units of paint, 1 unit of glitter, and 2 units of glue. The store must make at least 5 units of each large and small art pieces. If the profit per large art piece is $30 and the profit per small art piece is $15, how many of each should be made to maximize profit?",480,67,linear-notable,The total profit
prob_69,prob_69,"A bike factory builds two types of bikes: road bikes and mountain bikes. One road bike requires 3 hours of tooling on the grinder and then 2 hours of tooling on the polisher. One mountain bike requires 5 hours of tooling on the grinder and then 2.5 hours of tooling on the polisher. The factory makes a profit of $70 per road bike and $100 per mountain bike. Each machine, the grinder and polisher, can only be used for a maximum of 12 hours per day. How many units of each, road bikes and mountain bikes, should the factory produce to maximize profit?",280,68,linear-notable,The total profit
prob_70,prob_70,"A clinic administers two vaccines available for the public to take one at a time. One vaccine is taken as a pill and another is taken as a shot. The pill vaccine takes 10 minutes to administer while the shot takes 20 minutes to administer. Since the shot has been more thoroughly studied, the clinic must deliver at least 3 times as many shots as pill. In addition, the clinic must administer at least 30 pill vaccines. If the clinic only operates for 10000 minutes, maximize the number of patients that can be vaccinated.",571,69,linear-notable,The total number of patients vaccinated
prob_71,prob_71,"A city is planning to install five different types of renewable energy sources: solar panels, wind turbines, hydroelectric plants, biomass generators, and geothermal systems. The city needs to decide how many units of each type of energy source to install. For wind turbines, the installation cost per unit is $10,000, the annual energy output is 20,000 kWh, and the maintenance cost per year per unit is $1,000. For hydroelectric plants, the installation cost per unit is $15,000, the annual energy output is 30,000 kWh, and the maintenance cost per year per unit is $1,500. For biomass generators, the installation cost per unit is $7,000, the annual energy output is 15,000 kWh, and the maintenance cost per year per unit is $700. For geothermal systems, the installation cost per unit is $20,000, the annual energy output is 40,000 kWh, and the maintenance cost per year per unit is $2,000. The city wants to maximize the net energy output per dollar spent in the next decade. The city has a budget of $500,000 for the installation of renewable energy sources. The city wants to ensure that at least 20% of the budget is spent on solar panels. The city has a maintenance budget of $50,000 per year. For solar panels, the installation cost per unit is $5,000, the annual energy output is 10,000 kWh, and the maintenance cost per year per unit is $500.",10.571142284569138,70,nonlinear-notable,Maximized Energy Output per Dollar
prob_72,prob_72,"A maple farm makes maple syrup and maple candy. They can make at most 10 kg of maple syrup and at most 12 kg of maple candy. In addition, they must supply at least 3 kg of maple syrup and 5 kg of maple candy per day. Both require time in a maple boiling station. Each kg of maple syrup and maple candy requires 2 hours at the boiling station. The boiling station is available for at most 20 hours per day. If the profit per kg of maple syrup is $20 and the profit per kg of maple candy is $15, how many kg of each should be made to maximize profit?",175,71,linear-notable,The total profit
prob_73,prob_73,"A tech company is planning to launch five new software products: AppX, AppY, AppZ, AppW, and AppV. They need to decide how many development teams to allocate to each product for the upcoming quarter. For product APPY, the Estimated Revenue per Team is $150,000, the Development Cost per Team is $80,000, and the Marketing Cost per Team is $30,000. For product APPZ, the Estimated Revenue per Team is $200,000, the Development Cost per Team is $100,000, and the Marketing Cost per Team is $40,000. For product APPW, the Estimated Revenue per Team is $120,000, the Development Cost per Team is $70,000, and the Marketing Cost per Team is $25,000. For product APPV, the Estimated Revenue per Team is $180,000, the Development Cost per Team is $90,000, and the Marketing Cost per Team is $35,000. The company wants to maximize the average net profit per team. The company has a total of 30 development teams available for the quarter. Due to market research, the company knows that AppX must have at least twice as many development teams as AppY. The company has a budget of $2,500,000 for marketing costs for the quarter. The company wants to ensure that each product has at least one team working on it. For product APPX, the Estimated Revenue per Team is $100,000, the Development Cost per Team is $60,000, and the Marketing Cost per Team is $20,000.",55333.33333333333,72,nonlinear-notable,Average Net Profit per Team
prob_74,prob_74,"A vendor sells coffee and hot chocolate during ice hockey games. To stay in business, he must sell at least 40 coffees and 20 hot chocolates, but can not make more than 60 coffees or 35 hot chocolates. The vendor also can't make more than 75 items total. The profit on a coffee is $0.22, and the profit on a hot chocolate is $0.14. How many of each item should he sell to make the maximum profit?",14.9,73,linear-notable,The total profit
prob_75,prob_75,"Deutchlander Machine Company (DMC) makes two types of printing presses: a four-color litho and a two-color litho. Demand for both products is booming and exceeds DMC's ability to satisfy it. Most raw materials are plentiful, but production is limited by three factors: a shortage of steel rollers, gear cutting capacity, and roller polishing capacity. Each four-color press requires 16 rollers, and each two-color press requires 8 rollers. The four-color presses require 30 hours of gear cutting and 8 hours of polishing time, and the two-color presses require 12 hours of gear cutting and 3 hours of polishing time. DMC is able to buy 100 rollers per week, and it has 160 hours of gear cutting time and 40 hours of polishing time available per week. To avoid harming long-term sales, DMC does not want to raise prices. At current prices DMC will earn a profit of DM24,000 on each four-color press made and DM10,000 on each two-color press made. So as not to abandon either product market, DMC also wants to produce at least two units of each press each week. Formulate DMC's problem as a linear program to maximize its profit.",128000,74,linear-notable,The maximum profit
prob_76,prob_76,"Gandhi Cloth Company is capable of manufacturing three types of clothing: shirts, shorts, and pants. The manufacture of each type of clothing requires that Gandhi have the appropriate type of machinery available. The machinery needed to manufacture each type of clothing must be rented at the following rates: shirt machinery, $200 per week; shorts machinery, $150 per week; pants machinery, $100 per week. The manufacture of each type of clothing also requires the amounts of cloth and labor as shown in the following Table 1. Each week, 150 hours of labor and 160 sq yd of cloth are available. The variable unit cost and selling price for each type of clothing are shown in Table 2. Formulate an LP whose solution will maximize Gandhi's weekly profits. Table 1 (The amount of labor hours and cloth required for each type of clothing): | Clothing Type | Labor Hours | Cloth (sq yd) | | ------------- | ----------- | ------------- | | Shirt | 3 | 4 | | Shorts | 2 | 3 | | Pants | 6 | 4 | Table 2 (Revenue and Cost Information for each type of clothing): | Clothing Type | Sales Price | Variable Cost | | ------------- | ----------- | ------------- | | Shirt | $12 | $6 | | Shorts | $8 | $4 | | Pants | $15 | $8 |",75,75,linear-table,The maximum weekly profit
prob_77,prob_77,"An artisan makes two types of terracotta jars: a thin jar and a stubby jar. Each thin jar requires 50 minutes of shaping time and 90 minutes of baking time. Each stubby jar requires 30 minutes of shaping time and 150 minutes of baking time. Per week, there are 3000 minutes available for shaping and 4000 minutes available for baking. The profit per thin jar is $5 and the profit per stubby jar is $9. How many jars of each type should the artisan make to maximize profit?",239,76,linear-notable,The profit
prob_78,prob_78,"A company which manufactures canoes employs 120 employees, each working 30 hours per week. The workforce is distributed across three departments: carpenter, plastics, and completion. The company produces two types of canoes: simple and luxury, with net unit profits of $7 and $10, respectively. The time required to manufacture each type of canoe in the different departments is detailed in the following Table. Additionally, marketing calculations have determined that at least 1/3 and no more than 2/3 of the total number of canoes produced should be luxury models. How can the company maximize its overall net profit? Table (Hours required to manufacture each type of canoe in different departments): | Canoe Type | Carpenter Department | Plastics Department | Completion Department | |------------|----------------------|---------------------|-----------------------| | Simple | 4.5 | 2 | 2 | | Luxury | 5 | 1 | 4 | Table (Number of employees in each department): | Department | Number of Employees | |--------------------|---------------------| | Carpenter | 60 | | Plastics | 20 | | Completion | 40 |",3300,77,linear-table,The maximum overall net profit
prob_79,prob_79,"A company is considering opening warehouses in four cities: New York, Los Angeles, Chicago, and Atlanta. Each warehouse can ship 100 units per week. The weekly fixed cost of keeping each warehouse open is $400 for New York, $500 for Los Angeles, $300 for Chicago, and $150 for Atlanta. Region 1 of the country requires 80 units per week, region 2 requires 70 units per week, and region 3 requires 40 units per week. The costs (including production and shipping costs) of sending one unit from a warehouse to a region are shown in the following Table. We want to meet weekly demands at minimum cost, subject to the preceding information and the following restrictions: 1. If the New York warehouse is opened, then the Los Angeles warehouse must be opened. 2. At most two warehouses can be opened. 3. Either the Atlanta or the Los Angeles warehouse must be opened. Minimize the weekly costs of meeting demand. Table (Costs of sending one unit from a warehouse to a region): | From / To ($) | Region 1 | Region 2 | Region 3 | | ------------- | -------- | -------- | -------- | | New York | 20 | 40 | 50 | | Los Angeles | 48 | 15 | 26 | | Chicago | 26 | 35 | 18 | | Atlanta | 24 | 50 | 35 |",4750,78,linear-table,The weekly cost of meeting demand is
prob_80,prob_80,"The U.S. post office will accept a box for shipment only if the sum of the length and girth is at most 108 in. (Girth is the maximum distance around the package perpendicular to the length; for a rectangular box, the length is the largest of the three dimensions.) Find the dimensions of the largest acceptable box with square front and back.",11664,79,nonlinear-notable,The maximum volume of the box
prob_81,prob_81,"A client asks his stockbroker to invest in five stocks: Oil, Auto, Pharmaceutical, Tech, and Green Energy. The estimated annual return, risk, and current price for each stock are given in the following Table. | Stock | Estimated Annual Return | Risk | Current Price | |----------------|-------------------------|------|---------------| | Oil | 10% | 5% | $100 | | Auto | 15% | 8% | $200 | | Pharmaceutical | 20% | 10% | $150 | | Tech | 25% | 12% | $250 | | Green Energy | 18% | 7% | $180 | The client has $100,000 to invest. The client wants to invest at least $60,000 in all stocks combined. The client wants to invest at least $9,000 in the oil stock. The client also wants to ensure that no more than 40 percent of the money is put into any one stock. The client aims to maximize the Benefit-Risk ratio of the investment (defined as the sum of the estimated annual returns divided by the sum of the investment risks).",2.4203881963074005,80,nonlinear-table,Benefit-Risk Ratio
prob_82,prob_82,"A research group is making fabric and plastic using two methods, method A and method B. Method A produces 25 units of fabric and 14 units of plastic per hour. Method B produces 45 units of fabric and 25 units of plastic per hour. Method A requires 60 units of a special element while method B requires 65 units of the same special element. The research group has available 3500 units of the special element and must make at least 1400 units of fabric and 1000 units of plastic. How many of each method should be executed to minimize the total time needed?",40,81,linear-notable,The total time needed
prob_83,prob_83,"The number of employees needed in a post office varies depending on the day of the week, as listed as Monday 15, Tuesday 13, Wednesday 15, Thursday 18, Friday 14, Saturday 16 and Sunday 10. Employees work five consecutive days and have the next two days off. It becomes necessary to organize groups of employees to work in different shifts, so that the number of employees required is satisfied every day of the week. The objective is to employ the minimum number of workers.",22,82,linear-notable,The minimum number of workers needed is
prob_84,prob_84,"A tropical farmer has 100 acres of land to grow guavas and mangos. He prefers to grow more mangos than guavas, but because they require so much more work, he can grow at most 2 times the amount of mangos as guavas. In addition he must grow at least 20 acres of guavas and at least 40 acres of mangos. If the profit per acre of guavas is $300 and the profit per acres of mangos is $500, how many acre of each should he grow to maximize profit?",43333.3334,83,linear-notable,The maximum profit
prob_85,prob_85,"A toy company makes toys and knows that most of their customers are young boys and girls. To reach these groups, the company has decided to purchase commercial spots on cartoons and kids-movies. Each cartoon is seen by 2 millions young boys and 1 million young girls. Each kids-movie is seen by 4 million young boys and 6 million young girls. The company wants their commercials to be seen by at least 30 million young boys and 40 million young girls. If a commercial during a cartoon costs $5000 and a commercial during a kids-movie costs $12000, how many of each should be purchased to minimize cost?",89000,84,linear-notable,The total cost of the commercials
prob_86,prob_86,"A manufacturer can sell product 1 at a profit of $2/unit and product 2 at a profit of $5/unit. Three units of raw material are needed to manufacture 1 unit of product 1, and 6 units of raw material are needed to manufacture 1 unit of product 2. A total of 120 units of raw material are available. If any of product 1 is produced, a setup cost of $10 is incurred, and if any of product 2 is produced, a setup cost of $20 is incurred. Formulate an LP to maximize profits.",80,85,linear-notable,The total profit
prob_87,prob_87,"A manufacturing company is planning to produce four types of products: ProductA, ProductB, ProductC, and ProductD. They need to decide how many units of each product to produce in the next month to optimize their profit. The profit per unit and the production cost per unit, which increases non-linearly with the number of units produced, are given in the following Table. | Product | Profit per Unit | Production Cost per Unit | |---------|-----------------|--------------------------| | ProductA | $50 | $30 + (ProductAUnits^2)/1000 | | ProductB | $70 | $40 + (ProductBUnts^2)/1000 | | ProductC | $90 | $50 + (ProductCUnits^2)/1000 | | ProductD | $110 | $60 + (ProductDUnits^2)/1000 | The company has a total production capacity of 1000 units for the month. Due to market demand, the company must produce at least 100 units of ProductA and no more than 200 units. The company has a budget of $50,000 for production costs for the month. The company wants to maximize the total net profit, which is the sum of the profits from each product minus the respective production costs.",10382.436,86,nonlinear-table,Total Net Profit
prob_88,prob_88,"Dorian Auto has a $20,000 advertising budget. Dorian can purchase full-page ads in two magazines: Inside Jocks (IJ) and Family Square (FS). An exposure occurs when a person reads a Dorian Auto ad for the first time. The number of exposures generated by each ad in IJ is as follows: ads 1-6, 10,000 exposures; ads 7-10, 3,000 exposures; ads 11-15, 2,500 exposures; ads 16+, 0 exposures. For example, 8 ads in IJ would generate 6(10,000) + 2(3,000) = 66,000 exposures. The number of exposures generated by each ad in FS is as follows: ads 1-4, 8,000 exposures; ads 5-12, 6,000 exposures; ads 13-15, 2,000 exposures; ads 16+, 0 exposures. Thus, 13 ads in FS would generate 4(8,000) + 8(6,000) + 1(2,000) = 82,000 exposures. Each full-page ad in either magazine costs $1,000. Assume there is no overlap in the readership of the two magazines. Formulate an LP to maximize the number of exposures that Dorian can obtain with limited advertising funds.",146000,87,linear-notable,The maximum number of exposures
prob_89,prob_89,You need to construct a square-bottomed box. The box should have a volume of at least 1000 cubic centimeters. Please find the dimensions that will minimize the surface area of the box.,476.2203153047384,88,nonlinear-notable,The minimum surface area of the box
prob_90,prob_90,"A city is planning to install five different types of renewable energy sources: solar panels, wind turbines, hydroelectric plants, biomass generators, and geothermal systems. The city needs to decide how many units of each type of energy source to install. The installation cost per unit, annual energy output, and maintenance cost per year per unit for each type of energy source are given in the following Table. | Energy Source | Installation Cost per Unit | Annual Energy Output | Maintenance Cost per Year per Unit | |---------------------|---------------------------|----------------------|------------------------------------| | Solar Panels | $5,000 | 10,000 kWh | $500 | | Wind Turbines | $10,000 | 20,000 kWh | $1,000 | | Hydroelectric Plants| $15,000 | 30,000 kWh | $1,500 | | Biomass Generators | $7,000 | 15,000 kWh | $700 | | Geothermal Systems | $20,000 | 40,000 kWh | $2,000 | The city has a budget of $500,000 for the installation of renewable energy sources. The city wants to ensure that at least 20% of the budget is spent on solar panels. The city has a maintenance budget of $50,000 per year. The city wants to maximize the net energy output per dollar spent in the next decade.",10.571142284569138,89,nonlinear-table,Maximized Energy Output per Dollar
prob_91,prob_91,You need to construct a cylinder with a hemispherical top. The container's volume is at least 100 cubic units. The hemispherical top has the same radius as the cylinder. The container is made with no bottom. The cost per unit area of the top is twice as great as the cost per unit area of the side. Please find the height and radius of the cylinder that minimizes the cost of the container.,131.26857993995196,90,nonlinear-notable,The minimum cost of the container
prob_92,prob_92,"Owners of a car rental company have determined that if they charge customers p dollars per day to rent a car, where 50≤p≤200, the number of cars n they rent per day can be modeled by the linear function n(p)=1000-5p. The price per day should be integer($). If they charge $50 per day or less, they will rent all their cars. If they charge $200 per day or more, they will not rent any cars. Assuming the owners plan to charge customers between $50 per day and $200 per day to rent a car, how much should they charge to maximize their revenue?",50000,91,nonlinear-notable,The maximum revenue
prob_93,prob_93,"You want to make a rectangular pen for hogs. You have 800 ft of fencing. There is a river on one side of your property, and you do not need to fence that side. What is the dimension of the rectangular pen that maximizes the area?",80000,92,nonlinear-notable,The maximum area of the pen
prob_94,prob_94,"A company seeks to maximize exposure within a limited advertising budget. The exposure per ad or commercial, along with the cost for each medium, is provided in the following Table. The budget is limited to $100,000, with a maximum of four television commercials, ten radio commercials, and seven newspaper ads. Additionally, there is a cap of 15 total commercials and/or ads. How can the company maximize exposure within these constraints? Table (Exposure and Cost per Advertising Medium): | Advertising Medium | Exposure (people/ad or commercial) | Cost (USD) | | ------------------- | ---------------------------------- | ---------- | | Television Commercial | 20,000 | 15,000 | | Radio Commercial | 2,000 | 6,000 | | Newspaper Ad | 9,000 | 4,000 | Constraints: - Total budget: $100,000 - Maximum number of television commercials: 4 - Maximum number of radio commercials: 10 - Maximum number of newspaper ads: 7 - Maximum total number of commercials and/or ads: 15",147000,93,linear-table,The maximum exposure
prob_95,prob_95,"A macro-counting fitness guru only eats salmon and eggs. Each bowl of salmon contains 300 calories, 15 grams of protein, and 80 mg of sodium. Each bowl of eggs contains 200 calories, 8 grams of protein, and 20 mg of sodium. Since the fitness guru has a limit to how many eggs he would like to eat, at most 40% of his meals can be eggs. The fitness guru needs to eat at least 2000 calories and 90 grams of protein. How many of each type of meal should he eat to minimize his sodium intake?",5,94,linear-notable,The number of salmon meals
prob_96,prob_96,"A student takes calcium pills and vitamin D pills one after the other. Each calcium pill takes 5 minutes to be effective while each vitamin D pill takes 6 minutes to be effective. Over a month, the student must take at least 130 pills of medication and at least 40 should be vitamin D pills because they enhance the absorption of calcium in the body. Since vitamin D is complimentary to calcium, the student must take more calcium pills than vitamin D pills. How many pills of each should the student take to minimize the total time it takes for the medication to be effective?",690,95,linear-notable,The total time for the medication to be effective
prob_97,prob_97,"A flooring company produces engineered hardwood and vinyl planks. Their sales forecasts show an expected demand of at least 20,000 square foot of hardwood and 10,000 square feet of vinyl planks each week. To satisfy a shipping contract, a total of at least 60,000 square feet of flooring much be shipped each week. Due to a labor shortage issue, no more than 50,000 square feet of hardwood and 30,000 square feet of vinyl can be produced weekly. If a square foot of hardwood flooring yields a profit of $2.5 and a square foot of vinyl planks produces a $3 profit, how many of each type of flooring should be made weekly to maximize the company's profit?",215000,96,linear-notable,The maximum company's profit
prob_98,prob_98,"A company is considering opening warehouses in four cities: New York, Los Angeles, Chicago, and Atlanta. Each warehouse can ship 100 units per week. The weekly fixed cost of keeping each warehouse open is $400 for New York, $500 for Los Angeles, $300 for Chicago, and $150 for Atlanta. Region 1 of the country requires 80 units per week, region 2 requires 70 units per week, and region 3 requires 40 units per week. The costs (including production and shipping costs) of sending one unit from a plant to a region are shown in Table 3. We want to meet weekly demands at minimum cost, subject to the preceding information and the following restrictions: 1. If the New York warehouse is opened, then the Los Angeles warehouse must be opened. 2. At most two warehouses can be opened. 3. Either the Atlanta or the Los Angeles warehouse must be opened. Formulate an LP that can be used to minimize the weekly costs of meeting demand. To ($) From Region 1 Region 2 Region 3 New York 20 40 50 Los Angeles 48 15 26 Chicago 26 35 18 Atlanta 24 50 35.",4750,97,linear-table,The weekly cost of meeting demand is
prob_99,prob_99,"A magic school sends letters to student either by carrier pigeons or owls. A carrier pigeon can carry two letters at a time and requires 3 treats for service. An owl can carry 5 letters at a time and requires 5 treats for service. At most 40% of the birds can be owls. In addition, the school only has 1000 treats available and at least 20 carrier pigeons must be uses. How many of each bird can be used to maximize the total number of letters that can be sent.",841,98,linear-notable,The total number of letters sent
prob_100,prob_100,We have a piece of cardboard that is 50 cm by 20 cm and we are going to cut out the corners and fold up the sides to form a box. Determine the height of the box that will give a maximum volume.,2030.3362942094193,99,nonlinear-notable,The maximum volume of the box
prob_101,prob_101,"Lucy has a dog and she wants his food to be mixed. In order to keep the dog healthy but also keep the food tasty, the mix needs to have a minimum of 15 units of calcium, 20 units of vitamin mix, and 20 units of protein. A regular brand costs $20 per bag and contains 4 units of calcium, 7 units of vitamin mix, and 10 units of protein. A premium brand costs $35 per bag and contains 12 units of calcium, 10 units of vitamin mix, and 16 units of protein. How many bags of each brand should Lucy mix in order to minimize cost while also meeting the taste and health requirements.",70,100,linear-notable,The total cost
prob_102,prob_102,"On their farm, the Friendly family grows apples that they harvest each fall and make into three products- apple butter, applesauce, and apple jelly. They sell these three items at several local grocery stores, at craft fairs in the region, and at their own Friendly Farm Pumpkin Festival for 2 weeks in October. Their three primary resources are cooking time in their kitchen, their own labor time, and the apples. They have a total of 500 cooking hours available, and it requires 3.5 hours to cook a 10-gallon batch of apple butter, 5.2 hours to cook 10 gallons of applesauce, and 2.8 hours to cook 10 gallons of jelly. A 10-gallon batch of apple butter requires 1.2 hours of labor, a batch of sauce takes 0.8 hour, and a batch of jelly requires 1.5 hours. The Friendly family has 240 hours of labor available during the fall. They produce about 6,500 apples each fall. A batch of apple butter requires 40 apples, a 10-gallon batch of applesauce requires 55 apples, and a batch of jelly requires 20 apples. After the products are canned, a batch of apple butter will generate $190 in sales revenue, a batch of applesauce will generate a sales revenue of $170, and a batch of jelly will generate sales revenue of $155. The Friendlys want to know how many batches of apple butter, applesauce, and apple jelly to produce in order to maximize their revenues.",27510,101,linear-notable,Total Revenue
prob_103,prob_103,"A taxi company will purchase vehicles to rent to their drivers. They are interested in purchasing either motorcycles or sedans. A motorcycle can transport 30 people, produces 4 units of pollution, and earns the taxi company $100 per shift. A sedan can transport 70 people, produces 15 units of pollution and earns the company $225 per shift. Because not every customer is comfortable with a motorcycle, at most 25% of vehicles can be motorcycles. Additionally, the company has committed to producing less than 200 units of pollution. The company needs to transport at least 1200 people every shift. How many of each type of vehicle should be used to maximize the total earnings for the taxi company per shift?",3163.26532,102,linear-table,Total earnings per shift
prob_104,prob_104,"A soup store sell two soups: a crab soup and a lobster soup. The soups are made using water, crab meat, and lobster meat. A serving of crab soup requires 7 units of water and 8 units of crab meat. A serving of lobster soup requires 10 units of water and 5 units of lobster meat. There is 80 units of water available, 65 units of crab meat available, and 55 units of lobster meat available. The profit per serving of crab soup is $3 and the profit per serving of lobster soup is $5. Formulate as a LP to maximize profit.",40,103,linear-notable,The total profit
prob_105,prob_105,You are making cylindrical containers to contain 12 cubic inches of liquid. Suppose that the top and bottom are made of a material that is times as expensive (cost per unit area) as the material used for the lateral side of the cylinder. Find the shape of the cylinder that minimizes the cost of making the containers.,41.84810349780642,104,nonlinear-notable,The minimum cost of making the containers
prob_106,prob_106,A park is designing their trails and can either create a wide trail or a narrow trail. A wide trail can take 50 visitors every day while the narrow trail expects 20 visitors every day. The wide trail will introduce 6 units of garbage and the narrow trail will introduce 3 units of garbage. There can be at most 3 wide trails and the park hopes to have at most 225 visitors every day. How many of each type of trail should the park construct to minimize the total amount of garbage produced.,0,105,linear-notable,The total amount of garbage produced
prob_107,prob_107,"Children can go to school either by van or by minibus. A van can take 6 kids and produces 7 units of pollution. A minibus can take 10 kids and produced 10 units of pollution. There are at least 150 kids than need to go to school and at most 10 minibuses can be used. In addition, the number of vans used must exceed the number of minibuses. How many of each should be used to minimize the total amount of pollution produced?",160,106,linear-notable,The total pollution produced
prob_108,prob_108,"Maple Oil processes three types of crude oil: light oil, non-sticky oil and heavy oil. Each tank of light oil produces a net revenue of $550, each tank of non-sticky oil produces a net revenue of $750, and each tank of heavy oil produces a net revenue of $950. To process a tank of light oil, 3 units of compound A and 3 units of compound B are required. To process a tank of non-sticky oil, 6 units of compound A and 2 units of compound B are required. To process a tank of heavy oil, 9 units of compound A and 3 units of compound B are required. Currently the company has 250 units of compound A and 150 units of compound B to process. How many full or partial tanks of each oil should the company process so that net revenue is maximized?",36900,107,linear-notable,The net revenue is
prob_109,prob_109,"The Ace Manufacturing Company has orders for three similar products: A, B, C Order 1750, 500, 1100. Three machines are available for the manufacturing operations. All three machines can produce all the products at the same production rate. However, due to varying defect percentages of each product on each machine, the unit costs of the products vary depending on the machine used. Machine capacities for the next week and the unit costs are as follows: machine 1, 2, 3 and capacities are 1550, 1450, 1150. The cost for machine 1, 2, 3 with product A, B, C: [$0.80, $1.30, $0.70], [$1.40, $1.30, $1.50], [$0.80, $0.80, $1.20]. Use the transportation model to develop the minimum cost production schedule for the products and machines. Show the linear programming formulation. If the constant is ""1"" it must be entered in the box. If your answer is zero enter ""0"".",2910,108,linear-notable,The minimum production cost
prob_110,prob_110,"Bangs Leisure Chairs produces three types of hand-crafted outdoor chairs: sling chairs, Adirondack chairs, and hammocks, with unit profits of $40, $100, and $90, respectively. The owner has 120 hours available each month for production and does not want to spend more than 50 hours on any one activity (cutting, assembling, and finishing). All products made can be sold. The time required for each activity for each type of chair is shown in the following Table. Determine the number of each type of chair to produce each month to maximize profit. Table (Time required in hours for each activity per chair type): | Chair Type | Cutting | Assembling | Finishing | | -------------- | ------- | ---------- | --------- | | Sling Chairs | 0.5 | 0.75 | 1 | | Adirondack | 2 | 2 | 1 | | Hammocks | 0.4 | 3 | 1 |",2400,109,linear-table,The maximum profit
prob_111,prob_111,"A small pharmacy weighs and packages their medication. Each bottle of pills takes 20 minutes of weighing and 10 minutes of packaging. Each bottle of cream takes 15 minutes of weighing and 15 minutes of packaging. The pharmacy has available 4000 minutes for weighing and 3000 minutes for packaging. If the profit per bottle of pills is $50 and the profit per bottle of cream is $60, how many of each should the pharmacy prepare to maximize profit?",12990,110,linear-notable,The total profit
prob_112,prob_112,"A company in the middle east delivers their packages to customers on camels and horses. A camel can carry 50 packages while a horse can carry 60 packages. A camel requires 20 units of food while a horse requires 30 units of food. The company needs to deliver at least 1000 packages and they have 450 units of food available. Since horses are not as suited for the hot climate, the number of horses cannot exceed the number of camels. How many of each animal should be used to minimize the total number of animals?",19,111,linear-notable,Total number of animals
prob_113,prob_113,"A soda company sends bottles of their soda to stores around the city in old and new vans. An old van can take 100 soda bottles while a new van can take 80 soda bottles. An old van produces 50 units of pollution while a new van only produces 30 units of pollution. The company needs to send at least 5000 bottles. In addition, at most 30 new vans can be used. How many of each van should be used to minimize the total amount of pollution produced?",2200,112,linear-notable,The total amount of pollution produced
prob_114,prob_114,"A sandwich company can open two types of stores, a dine-in place and a food-truck. A dine-in place can make 100 sandwiches per day and requires 8 employees to operate. A food-truck can make 50 sandwiches per day and requires 3 employees to operate. The company must make at least 500 sandwiches per day but they only have available 35 employees. How many of each type of store should the company open to minimize the total number of stores?",8,113,linear-notable,The total number of stores
prob_115,prob_115,"CE Chemicals produces two types of products, adhesives and plasticizers. To produce each type of product, we need to use both an automatic device and a human-operated device. On a given day, each processing device is available for at most 450 minutes. To extract a package of adhesives, it takes 6 minutes of processing on the automatic device and 5 minutes on human-operated device. To extract a package of plasticizers, the automatic device needs to be run for 8 minutes and the human-operated device for 4 minutes. The manufacturer can sell a package of adhesives for a revenue of $8.5 and plasticizers for a revenue of $11.5. Assuming that the company can sell all the products it produces, how many packages of each product should be produced daily in order to maximize the revenue?",646.5,114,linear-notable,The maximum daily revenue
prob_116,prob_116,"Stockco is considering four investments, each with its own net present value (NPV) and required cash outflow. Currently, $14,000 is available for investment. Tell Stockco how to maximize the NPV obtained from investments 1-4. Table (Net present value and cash outflow required for each investment): | Investment | NPV | Cash Outflow | |------------|--------|--------------| | 1 | $16,000| $5,000 | | 2 | $22,000| $7,000 | | 3 | $12,000| $4,000 | | 4 | $8,000 | $3,000 |",42000,115,linear-table,Total NPV
prob_117,prob_117,"A sign company makes signs by hand. They make LED signs and neon signs. The LED signs are made by team A and they can make at most 3 a day. The neon signs are made by team B and they can make at most 4 a day. All signs have to be quality checked by a senior QC inspector and he can check at most 7 signs total a day. If the profit per LED sign is $1500 and the profit per neon sign is $1450, how many of each sign should be made to maximize profit?",10300,116,linear-notable,The total profit
prob_118,prob_118,"A farm grows three types of crops: C1, C2, and C3, and a new type of crop C4. They need to determine the areas to allocate for each crop. The profit per acre, water usage per acre, and labor cost per acre for each crop are given in the following Table. | Crop | Profit per Acre | Water Usage per Acre | Labor Cost per Acre | |------|-----------------|----------------------|---------------------| | C1 | $100 | 500 gallons | $30 | | C2 | $120 | 600 gallons | $40 | | C3 | $140 | 700 gallons | $50 | | C4 | $160 | 800 gallons | $60 | The farm has a limited water supply of 100,000 gallons. The farm has a budget of $10,000 for labor costs. The farm has a total land area of 200 acres, and they want to use at least 50 acres in total. The farm wants to maximize the profit efficiency (profit per gallon of water used).",0.14,117,nonlinear-table,Profit Efficiency
prob_119,prob_119,"A client asks his stockbroker to invest. The broker has identified five stocks (Oil, Auto, Pharmaceutical, Tech, and Green Energy) for investment. For Auto, the estimated annual return is 15%, the risk is 8%, and the current price is $200. For Pharmaceutical, the estimated annual return is 20%, the risk is 10%, and the current price is $150. For Tech, the estimated annual return is 25%, the risk is 12%, and the current price is $250. For Green Energy, the estimated annual return is 18%, the risk is 7%, and the current price is $180. The client wants to maximize the Benefit-Risk ratio of the investment. (The Benefit-Risk ratio is defined as the sum of the estimated annual returns divided by the sum of the investment risks.) The client has $100,000 to invest. The client wants to invest at least $60,000 in all stocks combined. The client wants to invest at least $9,000 in the oil stock. Put no more than 40 percent of the money into any one stock. For Oil, the estimated annual return is 10%, the risk is 5%, and the current price is $100.",2.4203881963074005,118,nonlinear-notable,Benefit-Risk Ratio
prob_120,prob_120,"A furniture factory makes two products: bedside tables and bookcases. Both products have to go through two processes: crafting and polishing. For each bedside table, the workers spend 2.5 hours crafting and 1.5 hours polishing. For each bookcase, the workers spend 5 hours crafting and 3 hours polishing. On any day, there is a maximum of 30 crafting hours available and 20 polishing hours available. The profit from the sale of each bedside table is $200 and the profit from the sale of each bookcase is $500. The factory can sell everything they make. How should they schedule daily production in order to maximize profit?",3000,119,linear-table,The total profit
prob_121,prob_121,"Dorian Auto is considering manufacturing three types of autos: compact, midsize, and large. The resources required for, and the profits yielded by, each type of car are shown in the following Table. Currently, 10,000 tons of steel and 120,000 hours of labor are available. For production of a type of car to be economically feasible, at least 1,000 cars of that type must be produced. Maximize Dorian's profit. Table (Resources required and profits yielded for each type of car): | Auto Type | Steel Required (tons) | Labor Required (hours) | Profit Yielded ($) | |-----------|-----------------------|------------------------|--------------------| | Compact | 1.5 | 30 | 2,000 | | Midsize | 3 | 40 | 3,000 | | Large | 5 | 25 | 4,000 |",9666000,120,linear-table,The maximum profit
prob_122,prob_122,"Both chorine and water softener need to be added to a pool. One unit of chlorine takes 1 minute to be effective while one unit of water softener takes 2 minutes to be effective. Because too much chlorine can burn your eyes, there has to at most half as much chlorine as water softener in the pool. If there has to be at least 100 units of chlorine in the water and a total of 500 units of chemicals in the water, how many units of each should be added to minimize the total time it takes for the pool to be ready? (Note: chlorine must be added before water softener or vice versa).",834,121,linear-notable,The total time for the pool to be ready
prob_123,prob_123,"Brooks City has three consolidated high schools, each with a capacity of 1,200 students. The school board has partitioned the city into five busing districts—north, south, east, west, and central—each with different high school student populations. The three schools are located in the central, west, and south districts. Some students must be bused outside their districts, and the school board wants to minimize the total bus distance traveled by these students. The following Table shows the average distances from each district to the three schools and the total student population in each district. The school board wants to determine the number of students to bus from each district to each school to minimize the total busing miles traveled. Table (Average distances from each district to the schools and student populations): | District | Central School (miles) | West School (miles) | South School (miles) | Student Population | | -------- | ---------------------- | ------------------- | -------------------- | ------------------ | | North | 8 | 11 | 14 | 700 | | South | 12 | 9 | 0 | 300 | | East | 9 | 16 | 10 | 900 | | West | 8 | 0 | 9 | 600 | | Central | 0 | 8 | 12 | 500 |",21700,122,linear-table,Total busing miles traveled
prob_124,prob_124,"A box with square base is to hold a volume 200. The bottom and top are formed by folding in flaps from all four sides, so that the bottom and top consist of two layers of cardboard. Find the dimensions of the box that requires the least material. Also find the ratio of height to side of the base.",205.19711284322852,123,nonlinear-notable,The minimum surface area of the box
prob_125,prob_125,"An incandescent bulb manufacturing company uses either an argon gas approach or halogen gas approach to fill their light bulbs. The argon gas approach uses 10 units of gas and 12 units of glass to make 2 light bulbs. The halogen gas approach uses 12 units of gas and 8 units of glass to make 3 light bulbs. Additionally, the argon gas approach generates 3 units of heat while the halogen gas approach creates 4 units of heat. The manufacturing company has available 150 units of gas and 120 units of glass. If at most 28 units of heat can be generated during the manufacturing process, how many of each method should be used to maximize the number of light bulbs produced?",21,124,linear-notable,The total number of light bulbs produced
prob_126,prob_126,"A small chocolate shop makes milk chocolate and dark chocolate bars. Milk chocolate bars require 4 units of cocoa and 7 units of milk. Dark chocolate bars require 6 units of cocoa and 3 units of milk. The shop has 2000 units of cocoa and 1750 units of milk available. In addition since milk chocolate sells better, at least 2 times as many milk chocolate bars need to be made as dark chocolate bars. If making a milk chocolate bar takes 15 minutes and making a dark chocolate bar takes 12 mins, how many of each should the make to minimize total production time?",0,125,linear-notable,Total production time
prob_127,prob_127,"Basel Tool and Die Company (BTD) makes large industrial pipe wrenches in one of its factories. The marketing department estimates demand for this product during the next 6 months to be: January 370, February 430, March 380, April 450, May 520, June 440. With the current labor force, BTD believes it can make approximately 420 pipe wrenches per month at a cost of $40 per wrench using regular-time production. An additional 80 wrenches per month can be made using overtime production at a cost per wrench of $45. Wrenches can be made in advance and held in inventory for later shipment at a cost of $3 per month per wrench. The monthly demand for wrenches must be satisfied every month. At the end of December (beginning of January) BTD has 10 wrenches in inventory. BTD wants to plan its production, including overtime, and inventory for the next 6 months so as to maximize profit. Assuming the revenue for these wrenches is fixed, the production manager can maximize profit by minimizing the total costs incurred in producing and delivering the wrenches.",103960,126,linear-notable,Total cost
prob_128,prob_128,"A hot dog store sells two products: its regular hot-dog, and a premium hot-dog with more toppings. The store makes x1 regular hot-dogs a day at a profit of $3 each and x2 premium hot-dogs a day at a profit of $5 each. (x1 and x2 are unknowns and they both must be greater than or equal to 0). Currently, the demand is limited to at most 100 regular hot-dogs per day and at most 250 premium hot-dogs per day. Also, the store can make a maximum of 300 hot-dogs of either type per day. How many of each hot-dog should be made to maximize profit?",1400,127,linear-notable,Maximum profit per day
prob_129,prob_129,"A chemistry teacher teaches her students two experiments, experiment 1 and experiment 2. In experiment 1, 3 units of the red liquid and 4 units of the blue liquid mix to create 5 units of green gas. In experiment 2, 5 units of the red liquid and 3 units of the blue liquid mix to create 6 units of the green gas. In addition, experiment 1 produces 1 units of smelly gas while experiment 2 produces 2 units of smelly gas. The lab has available 80 units of red liquid and 70 units of blue liquid. If at most 10 units of smelly gas can be produced, how many experiments of each should be done to maximize the total amount of green gas produced?",50,128,linear-notable,The total units of green gas produced
prob_130,prob_130,"A logistics company is managing the distribution of three types of goods (GoodA, GoodB, and GoodC) across multiple regions. The company needs to decide the number of trucks to allocate for each type of good and the number of trips each truck will make, as well as the number of drones to use for each type of good. The cost and revenue details for trucks and drones are given in the following Table. | Type of Transport | Cost per Trip | Revenue per Trip | |-------------------|---------------|------------------| | Truck | $500 | $1000 | | Drone | $100 | $300 | The company has a total of 20 trucks available. The company can make a maximum of 100 trips per day. The company has a budget of $3000 for operating costs per day. The company wants to maximize the total net profit from all goods.",180000,129,nonlinear-table,Total Net Profit
prob_131,prob_131,"A company produces five types of widgets: X, Y, Z, W, and V. The company needs to decide how many units of each widget to produce in next week. The selling price, material cost, and production time for each widget are given in the following Table. | Widget | Selling Price | Material Cost | Production Time | |--------|---------------|---------------|-----------------| | X | 10$ | 5$ | 2 hours | | Y | 15$ | 7$ | 3 hours | | Z | 20$ | 9$ | 4 hours | | W | 25$ | 11$ | 5 hours | | V | 30$ | 13$ | 6 hours | The company has $900 available for material costs next week. The company wants to produce at least 10 units of each widget next week. The company wants to spend at most 400 hours on production next week. The company wants to ensure that the total production of Widget W does not exceed the combined production of Widgets X, Y, and Z. The company also wants to ensure that the total production of Widget V does not exceed the combined production of Widgets X, Y, Z, and W. The company has only one production line and can only produce one widget at a time. The company aims to maximize the rate at which it earns profits (which is defined as the sum of the selling profit divided by the sum of the production times).",1116,130,nonlinear-table,Objective Value (Profit Rate)
prob_132,prob_132,"A client asks his stockbroker to invest $100,000 for maximum annual income, subject to the following conditions: Spread the investment over no more than three different stocks. Put no more than 40 percent of the money into any one stock. Put a minimum of $10,000 into an oil stock. The broker has identified three stocks for investment. Their estimated annual returns per share and price per share are shown in the following Table. Table (Estimated annual returns per share and price per share for three stocks): | Stock Type | Price per Share | Annual Return per Share | | ------------- | --------------- | ----------------------- | | Oil | $120 | $11 | | Auto | $52 | $4 | | Pharmaceutical| $18 | $2 |",9647,131,linear-table,The maximum annual income
prob_133,prob_133,You need to construct a rectangular fence. The area of the rectangle must be at least 1600 ft. What are the dimensions of the rectangular pen to minimize the amount of material needed?,160,132,nonlinear-notable,The amount of material needed
prob_134,prob_134,"A manufacturing company produces three types of electronic devices: Smartphones, Tablets, and Laptops. The company needs to decide the production quantities for each device to optimize its resources and profits. The profit per unit for each device and the requirements for a critical component are given in the following Table. | Device | Profit per Unit | Critical Component Usage | |------------|-----------------|--------------------------| | Smartphones| $100 (increases by $0.5 for each unit above 100) | 1 unit | | Tablets | $150 (increases by $0.5 for each unit above 100) | 2 units | | Laptops | $200 (increases by $0.5 for each unit above 100) | 3 units | The company has a limited supply of 1500 units of a critical component used in all devices. Each Smartphone requires 1 unit, each Tablet requires 2 units, and each Laptop requires 3 units of this component. There is a market demand constraint for each device. The maximum demand for Smartphones is 500 units, for Tablets is 400 units, and for Laptops is 300 units. The company also has a total production capacity constraint of 1000 units across all devices. The company aims to maximize its total profit from the sales of these devices, considering the economies of scale where the profit per unit increases by $0.5 for each unit produced above 100 for each type of device.",283200,133,nonlinear-table,Total Profit
prob_135,prob_135,"A pharmacy makes eye cream and foot cream using two different machines, machine 1 and machine 2. Machine 1 can make 30 ml of eye cream and 60 ml of foot cream per hour. Machine 2 can make 45 ml of eye cream and 30 ml of foot cream per hour. Furthermore, machine 1 requires 20 ml of distilled water per hour while machine 2 requires 15 ml of distilled water per hour. The pharmacy has available 1200 ml of distilled water. If the pharmacy needs to make at least 1300 ml of eye cream and 1500 ml of foot cream, how many hours should each machine be used to minimize the total time needed?",34.166666,134,linear-notable,The total time needed
prob_136,prob_136,"My grandma is required to take two medicines Z1 and D3 everyday. She needs to take at least 5 grams of Z1 and 10 grams of D3 everyday. These medicines are available in two pills named Zodiac and Sunny. One pill of Zodiac contains 1.3 grams of Z1 while one pill of Sunny contains 1.2 grams of Z1. On the other hand, one pill of Zodiac contains 1.5 grams of D3 and one pill of Sunny contains 5 grams of D3. The cost per pill of Zodiac is $1 and the cost per pill of Sunny is $3. Formulate a LP such that the medicine requirement can be fulfilled at the lowest cost.",7,135,linear-notable,The total cost
prob_137,prob_137,You need to construct a rectangule. The perimeter of the rectangle must be at most 100 square units. What are the dimensions of the rectangle to maximize the area?,625,136,nonlinear-notable,The maximum area of the rectangle
prob_138,prob_138,"Stockco is considering four investments, each with its own net present value (NPV) and required cash outflow. Currently, $14,000 is available for investment. Formulate an LP whose solution will tell Stockco how to maximize the NPV obtained from investments 1-4. Table (Net present value and cash outflow required for each investment): | Investment | NPV | Cash Outflow | |------------|--------|--------------| | 1 | $16,000| $5,000 | | 2 | $22,000| $7,000 | | 3 | $12,000| $4,000 | | 4 | $8,000 | $3,000 |",42000,137,linear-table,Total NPV
prob_139,prob_139,"A bubble tea shop sells mango and lychee bubble tea. Each mango bubble tea requires 4 units of mango juice and 8 units of tea. Each lychee bubble tea requires 6 units of lychee juice and 6 units of tea. The shop has available 2000 units of mango juice and 3000 units of lychee juice. At least 40% of the bubble teas made must be lychee flavored. However, mango bubble tea sells better and thus the number of mango bubble teas made must be large than the number of lychee bubble teas made. How many of each bubble tea flavor should be made to minimize the total amount of tea needed?",36,138,linear-notable,The total amount of tea needed
prob_140,prob_140,"Robertville Furniture Company (RFC) makes two types of dressers: the Classic and the Modern. RFC sells the Classic for $310 and the Modern for $350. At these prices RFC believes it can sell up to 20 Classic and 25 Modern dressers per week. Each type of dresser is made of oak and covered with a pecan veneer. The wood requirements for each dresser are given in the table. Oak costs $1.50 per square foot, and pecan veneer costs $2 per square foot. The dressers must go through two manufacturing departments: cutting and veneering. The machine hours required for each dresser are also given below. The Oak Dresse size (square foot), Pecan Dresser size (square foot), cutting Time and Veneering Time for Classic and Modern are [90, 50, 1.20, 1.00] and [100, 60, 0.90, 1.20]. RFC has only 40 hours of production time available each week in each department, and it can obtain up to 2000 board feet of oak and 1500 square feet of pecan veneer each week. The cost of operating each manufacturing department is essentially fixed, so RFC would like to maximize its contribution to overhead (revenue minus variable costs).",1660,139,linear-table,The maximum contribution to overhead
prob_141,prob_141,"Euing Gas produces two types of gasoline (gas 1 and gas 2) from two types of oil (oil 1 and oil 2). Each gallon of gas 1 must contain at least 50 percent oil 1, and each gallon of gas 2 must contain at least 60 percent oil 1. Each gallon of gas 1 can be sold for $12, and each gallon of gas 2 can be sold for $14. Currently, 500 gallons of oil 1 and 1,000 gallons of oil 2 are available. As many as 1,500 more gallons of oil 1 can be purchased at the prices shown in the following Table. Formulate an LP that will maximize Euing's profits (revenues - purchasing costs). Table (Purchasing prices for additional gallons of oil 1): | Additional Gallons of Oil 1 | Price per Gallon | | --------------------------- | ---------------- | | First 500 | $25 | | Next 500 | $20 | | Next 500 | $15 |",9500,140,linear-table,The maximum profit
prob_142,prob_142,"A cough syrup company sells cough syrup in kids and adult size bottles. A kids size bottle can hold 100 ml of cough syrup while an adult size bottle can hold 300 ml of cough syrup. Since there is no difference in concentration of medical ingredients between the two bottles, at least 3 times as many adult size bottle must be made as kids size bottles. However, at least 50 kids size bottles must be made. If the company has 25000 ml of cough syrup available, how many bottles of each should be made to maximize the total number of bottles?",100,141,linear-notable,The total number of bottles
prob_143,prob_143,"The ABC Firefighting Equipment company operates two assembly plants and has two distribution centers. Plant A, located in Atlanta, can produce at most 800 alarm valves per week, while Plant B in Buffalo can produce at most 1000 alarm valves per week. Distribution Center I in Savannah must receive at least 900 alarm valves per week, and Center II in Pittsburgh must receive at least 600 alarm valves per week. The transportation costs per unit from the plants to the centers are provided in the following Table. Formulate the constraint inequalities that define the production limits for the plants and the requirements for the distribution centers, and create the total cost function that needs to be minimized. Solve the mixed constraint problem to find the minimum transportation cost. Table (Transportation costs per unit from plants to distribution centers): | From / To | Center I (Savannah) | Center II (Pittsburgh) | |-----------------|---------------------|------------------------| | Plant A (Atlanta) | $8 | $12 | | Plant B (Buffalo) | $16 | $4 |",10400,142,linear-table,The minimum transportation cost
prob_144,prob_144,"A factory has two machines, A and B. Each day, machine A can make 30 items and consumes 100 kWh. Machine B can make 50 items and consumes 120 kWh per day. The factory must produce at least 1000 items per day and has 3000 kWh of electricity available per day. Since there are not many workers that can operate both machines, at most 30% of the machines must be of type B. Further, at least 5 machines of type A should be used. How many of each machine should be used to minimize the total number of machines?",28,143,linear-notable,The minimum number of machines
prob_145,prob_145,"You are the manager of an apartment complex with 50 units. When you set rent at $800/month, all apartments are rented. As you increase rent by $25/month, one fewer apartment is rented. Maintenance costs run $50/month for each occupied unit. What is the rent that maximizes the total amount of profit?",39975,144,nonlinear-notable,The maximum total profit
prob_146,prob_146,We want to construct a cylindrical can with a bottom but no top. It will have a volume of 30 centimeters cubed. Determine the dimensions of the can that will minimize the amount of material needed to construct the can.,42.42143626839228,145,nonlinear-notable,The minimum amount of material needed
prob_147,prob_147,"A farm is cultivating three types of crops: Corn, Wheat, and Soybeans, and is also considering leasing some of its land to another farmer. The farm needs to decide how many acres to allocate to each crop and how many acres to lease for the upcoming growing season. The expected profit per acre, cost per acre, and water usage per acre for each crop, as well as the rental income per acre for leased land, are given in the following Table. | Crop | Expected Profit per Acre | Cost per Acre | Water Usage per Acre | |--------------|-------------------------|---------------|----------------------| | Corn | $500 | $200 | 1000 gallons | | Wheat | $400 | $150 | 800 gallons | | Soybeans | $300 | $100 | 500 gallons | | Leased Land | $100 | - | - | The farm aims to maximize the average profit per acre (which is defined as the total profit divided by the total acres used for all purposes). The farm has a total of 1000 acres available for the season. Due to soil conditions, the farm can allocate at most 400 acres to Corn. The farm has a water allocation of 700,000 gallons for the season. The farm wants to ensure that at least 30 acres are dedicated to each crop.",290.2173913043478,146,nonlinear-table,Average Profit per Acre
prob_148,prob_148,"A bakery only has 1000 units of blueberries to make pies and small tarts. Each pie needs 5 units of blueberries and each tart needs 3 units of blueberries. Since tarts are easier to eat quickly, the bakery must make at least three times as many tarts as pies. However, the bakery must make at least 30 pies. If each pie sold yields a profit of $8 and each tart sold yields a profit of $5, how many of each should the bakery make to maximize profit?",1656,147,linear-notable,The maximum profit
prob_149,prob_149,"Comp-Max Computers assembles computers and computer equipment. It is about to start production of three new types of computers, called model X, Y, and Z, respectively. Each type will require assembly time, inspection time, and storage space. The availability of each of these resources is limited. Specifically, available assembly time is 400 hours, available inspection time is 300 hours, and available storage space is 500 cubic feet (about 14.2 ms). The amount of each resource required for the different products is reported in the table below. For model X, assembly time is 1 hours, inspection time 2 hours, storage space 3 cubic feet. For model Y, assembly time is 2 hours, inspection time 3 hours, and storage space 4 cubic feet. For model Z, assembly time is 3 hours, inspection time 4 hours, and storage space 5 cubic feet. Model X earns a profit of $100 per unit, model Y earns a profit of $125 per unit, and model Z earns a profit of $200 per unit. Due to some prior agreements with customers, Comp-Max must produce at least 12 model X computers. In addition, management requires that the fraction of total production made up of model Z computers must not exceed 25%. Formulate a linear program (LP) that will help the manager determine the quantity of each model to produce in order to maximize profit.",15000,148,linear-table,The maximum profit
prob_150,prob_150,"A village hosts a banquet and provides bike and car transportation for everyone. A bike can take 3 people while a car can take 5 people. Since cars are more expensive, at most 40% of the vehicles can be cars. If the village needs to transport at least 500 people, how many of each vehicle should be used to minimize the total number of bikes needed?",133,149,linear-notable,The total number of vehicles used
prob_151,prob_151,"The Southfork Feed Company makes a feed mix from four ingredients: oats, corn, soybeans, and a vitamin supplement. The company has a limited supply of each ingredient and specific requirements for the mix composition. The mix must weigh at least 500 pounds. The company seeks to minimize the total cost of the mix. The cost of each ingredient per pound and the available amounts are shown in the following Table. Additionally, the mix must meet the following constraints: At least 30% of the mix must be soybeans (constraint 1), at least 20% of the mix must be the vitamin supplement (constraint 2), the ratio of corn to oats cannot exceed 2 to 1 (constraint 3), and the amount of oats cannot exceed the amount of soybeans (constraint 4). Table (Ingredients available and cost per pound): | Ingredient | Available (pounds) | Cost per Pound | | ----------------- | ------------------ | -------------- | | Oats | 300 | $0.50 | | Corn | 400 | $1.20 | | Soybeans | 200 | $0.60 | | Vitamin Supplement| 100 | $2.00 | Determine the number of pounds of each ingredient to put in the mix to minimize the total costs while satisfying the mix requirements.",420,150,linear-table,The total cost of the mix
prob_152,prob_152,"A client asks his stockbroker to invest $100,000 for maximum annual income, subject to the three conditions: Spread the investment over no more than three different stocks. Put no more than 40 percent of the money into any one stock. Put a minimum of $10,000 into an oil stock. The broker has identified three stocks for investment. Their estimated annual returns per share and price per share are shown in the following table: Stock, Price and annual returns are, (Oil, $120, $11), (Auto, $52, $4), (Pharmaceutical, $18, $2).",9647,151,linear-table,The maximum annual income
prob_153,prob_153,"A grape farmer transports his grapes in either small crates or large crates. A small crate can take 200 grapes while a large crate can take 500. Because his customers prefer smaller crates, at least 3 times as many small crates must be used than large crates. The farmer has available at most 100 small crates and at most 50 large crates. In addition, his truck can take at most 60 crates total and he must use at least 10 large crates. How many of each crate should he use to maximize the total number of grapes he can transport?",16500,152,linear-notable,The total number of grapes transported
prob_154,prob_154,"Emma is required to take two medicines AX7 and BY5 every day. She needs to take at least 6 grams of AX7 and 8 grams of BY5 every day. These medicines are available in two pills named Klun and Tao. One pill of Klun contains 1.5 grams of AX7 while one pill of Tao contains 1.3 grams of AX7. On the other hand, one pill of Klun contains 1.8 grams of BY5 and one pill of Tao contains 2 grams of BY5. The cost per pill of Klun is $2.6 and the cost per pill of Tao is $3.2. Formulate an LP such that the medicine requirement can be fulfilled at the lowest cost.",13,153,linear-notable,The total cost is
prob_155,prob_155,Gabriel is growing pumpkins and carrots on his farm. He has 100 acres available on which he must grow a minimum of 7 acres of pumpkins and a minimum of 12 acres of carrots to meet demands. The profit per pumpkin is $2.5 and the profit per carrot is $3.4. He prefers to grow more carrots than pumpkins but limitations in his workforce allow him to grow at most three times the amount of carrots as pumpkins. How many of each produce should Gabriel grow in order to maximize his profit?,317.5,154,linear-notable,The maximum profit
prob_156,prob_156,"A fruit farmer has 80 acres to grow peaches and nectarines. Peaches take 3 hours to plant per acre while nectarines take 4.5 hours to plant per acre. Peaches take 2 hours to water per acre while nectarines take 3 hours to water per acre. The farmer has 300 hours available for planting and 250 hours available for watering. If the profit per acre of peaches is $200 and the profit per acre of nectarines is $175, how many acres of each should be grown to maximize profit?",16000,155,linear-notable,Total profit
prob_157,prob_157,"The United Charities annual fund-raising drive is scheduled to take place next week. Donations are collected during the day and night, by telephone, and through personal contact. The average donation resulting from each type of contact is shown in the following Table. The charity group has enough donated gasoline and cars to make at most 300 personal contacts during one day and night combined. The volunteer minutes required to conduct each type of interview are also shown in the Table. The charity has 20 volunteer hours available each day and 40 volunteer hours each night. The chairperson of the fund-raising drive wants to know how many different types of contacts to schedule in a 24-hour period (i.e., 1 day and 1 night) to maximize the total donations. Table (Average donation and time required for each type of contact): | Contact Type | Time of Day | Average Donation | Interview Time (min) | | ------------ | ----------- | ---------------- | -------------------- | | Phone | Day | $2.00 (x_1) | 6 (x_1) | | Phone | Night | $3.00 (x_2) | 5 (x_2) | | Personal | Day | $4.00 (x_3) | 15 (x_3) | | Personal | Night | $7.00 (x_4) | 12 (x_4) |",1840,156,linear-table,Total donations
prob_158,prob_158,"A company is planning to optimize its energy consumption by installing solar panels and wind turbines. The company has identified three types of solar panels (A, B, C) and two types of wind turbines (X, Y) for installation. The cost and energy output for each type of equipment are given in the following Table. | Equipment | Cost | Energy Output | |-----------|------|---------------| | Solar A | $500 | 100 kWh | | Solar B | $700 | 150 kWh | | Solar C | $900 | 200 kWh | | Wind X | $1000| 300 kWh | | Wind Y | $1200| 400 kWh | The company has a budget of $50,000 for the installation. The company aims to produce at least 10,000 kWh of energy. At least 20% of the budget should be spent on solar panels. The company wants to minimize the cost per unit of energy produced.",3.22077922077922,157,nonlinear-table,Total Cost per Unit of Energy
prob_159,prob_159,An office supply company makes two types of printers: color printers and black and white printers. Different sections of the factory with different teams produce each printer. The color printer team can produce at most 20 color printers per day while the black and white printer team can produce at most 30 black and white printers per day. Both teams require use of the same paper tray installing machine and this machine can make at most 35 printers of either type each day. Color printers generate a profit of $200 per printer while black and white printers generate a profit of $70 per printer. How many of each printer should be made to maximize the company's profit?,5050,158,linear-notable,The maximum profit
prob_160,prob_160,"A rope is strung from the tops of two vertical poles(pole A is 4 meters high and pole B is 5 meters high). The distance between the poles is 8 meters, and the rope it is tied to a point on the ground. Please find distance from the point on the ground to the base of the pole A that will minimize the length of the rope.",3.555788727193115,159,nonlinear-notable,The distance from the point on the ground to the base of the pole A
prob_161,prob_161,A bakery uses a stand-mixer and a slow bake oven to make bread and cookies. Each machine can run for at most 3000 hours per year. To bake a loaf of bread takes 1 hour in the stand mixer and 3 hours in the oven. A batch of cookies requires 0.5 hours in the mixer and 1 hour in the oven. The profit per loaf of bread is $5 and the profit per batch of cookies is $3. How should the bakery operate to maximize total profit?,9000,160,linear-notable,Total profit
prob_162,prob_162,"An ice cream store can buy two machines, a counter-top sized one and a fridge sized one, to make ice cream. The counter-top sized one can produce 80 cones worth of ice cream every day while the fridge sizes one can produce 150 cones worth of ice cream every day. The counter-top sized machine outputs 50 units of heat while the fridge sized one outputs 70 units of heat. The ice cream store can output at most 500 units of heat per day and must produce at least 1000 cones worth of ice cream. How many of each machine should they buy to minimize the total number of machines needed?",7,161,linear-notable,Total number of machines needed
prob_163,prob_163,"To protect soil from erosion, some farmers plant winter cover crops such as winter wheat and rye. In addition to conserving soil, cover crops often increase crop yields in the row crops that follow in spring and summer. Suppose that a farmer has 800 acres of land and plans to plant winter wheat and rye. The input cost for I acre for each crop is given in the table along with the cost for machinery and labor. The profit for 1 acre of each crop is given in the last column. Input Cost per Acre, Labor/Machinery Cost per Acre, Profit per Acre. Wheat: [$90, $50, $42], Rye: [$120, $40, $35]. Suppose the farmer has budgeted a maximum of $90,000 for input costs and a maximum of $36,000 for labor and machinery. Determine the number of acres of each crop that the farmer should plant to maximize profit. (Assume that all crops will be sold.). What is the maximum profit? If the profit per acre for wheat were $40 and the profit per acre for rye were $45, how many acres of each crop should be planted to maximize profit?",30800,162,linear-table,The maximum profit
prob_164,prob_164,"A company makes two types of cars, a SUV and a sedan. The SUV takes 200 minutes on the manufacturing line and 120 minutes of testing. The sedan takes 150 minutes on the manufacturing line and 100 minutes of testing. The company has 20000 minutes available on the manufacturing line and 10000 minutes available for testing. If the profit per SUV is $10000 and the profit per sedan is $9000, how many of each should they make to maximize profit?",900000,163,linear-notable,The maximum total profit
prob_165,prob_165,"A shipping company can purchase regular and hybrid vans to make deliveries. A regular van can deliver 500 packages per day and produces 200 units of pollutants. A hybrid van can deliver 300 packages per day and produces 100 units of pollutants. Due to a new environmental law, they can produce at most 7000 units of pollutants per day. However, the company needs to be able to deliver at least 20000 packages per day. How many of each type of van should they buy to minimize the total number of vans needed?",10,164,linear-notable,The number of regular vans
prob_166,prob_166,"Bangs Leisure Chairs produces three types of hand- crafted outdoor chairs that are popular for beach pool, and patios: sling chairs, Adirondack chairs, and hammocks. The unit profit for these products is $40, $100, and $90, respectively. Each type of chair requires cutting, assembling, and finishing. The owner is retired and is willing to work six hours/ day for five days/week, so has 120 hours available each month. He does not want to spend more than 50 hours each month on any one activity (that is, cutting, assembling, and finishing). The retailer he works with is certain that all products he makes can easily be sold. Sling chairs are made up of ten wood pieces for the frame and one piece of cloth. The actual cutting of the wood takes 30 minutes. Assembling includes sewing of the fabric and the attachment of rivets, screws, fabric, and dowel rods, and takes 45 minutes. The finishing stage involves sanding, staining, and varnishing of the various parts and takes one hour. Adirondack chairs take two hours for both the cutting and assembling phases. and finishing takes one hour. For hammocks, cutting takes 0.4 hour; assembly takes three hours; and finishing also takes one hour. How many of each type of chair should he produce each month to maximize profit.",2400,165,linear-notable,The maximum profit
prob_167,prob_167,"You want to make cylindrical containers to hold 100 cubic inches using the least amount of construction material. The side is made from a rectangular piece of material, and this can be done with no material wasted. However, the top and bottom are cut from squares of side 2r, so that 2*((2*r)^2) = 8 * r^2 of material is needed (rather than 2 * π * r^2, which is the total area of the top and bottom). Find the dimensions of the container using the least amount of material, and also find the ratio of height to radius for this container.",129.26608058453235,166,nonlinear-notable,The minimum amount of material needed
prob_168,prob_168,"Amanda has 4000 acres of land to grow apple and peach trees. Apple trees cost $50 for their saplings, and they take 3 hours to maintain per acre. Peach trees cost $80 for their saplings and take 5 hours to maintain per acre. Amanda has a budget of $30000 for saplings and has 600 available hours for maintenance. If the profit per acre of apples is $15 and the profit per acre of peaches is $25, how many acres of each should be grown to maximize profit?",3000,167,linear-notable,The maximum profit
prob_169,prob_169,"A man takes two supplements to get his daily iron and calcium requirements. A pill of supplement A has 5 units of iron and 10 units of calcium. A pill of supplement B contains 4 units of iron and 15 units of calcium. The man needs a minimum of 40 units of iron and 50 units of calcium per day. If the cost per pill of supplement A is $2 and the cost per pill of supplement B is $3, how many of each should he buy to minimize costs?",16,168,linear-notable,The total cost
prob_170,prob_170,"A ferry service provides vehicle tickets and passenger tickets. The ferry can sell at most 100 tickets. A profit of $50 is made per vehicle ticket and a profit of $50 is made per passenger ticket. The ferry reserved a minimum of 10 tickets for vehicles. However, because most people don't have cars, at least 5 times as may people buy passenger tickets than vehicle tickets. How many of each type should be sold to maximize profit?",5000,169,linear-notable,Total profit
prob_171,prob_171,"A glass company makes sliding doors and windows. They have orders for at least 120 sliding doors and at least 110 windows per day. However, due to supply constraints, the company can make at most 210 sliding doors and at most 170 windows per day. In addition, they have a contract to ship at least 250 products of either type per day. If the profit per sliding door is $30 and the profit per window is $25, how many of each should the company make to maximize profit?",10550,170,linear-notable,Total profit per day
prob_172,prob_172,"A patient is undergoing radiation treatment involving two beams, Beam 1 and Beam 2. Beam 1 delivers a dose of 0.3 units of medicine per minute to the benign area of the pancreas and 0.2 units of medicine per minute to the benign area of the skin. Beam 2 delivers 0.2 units of medicine per minute to the benign area of the pancreas and 0.1 units of medicine per minute to the benign area of the skin. In addition, beam 1 delivers 0.6 units of medicine per minute to the tumor and beam 2 delivers 0.4 units of medicine per minute to the tumor. At most 4 units of medicine should be received by the skin and at least 3 units of medicine should be delivered to the tumor. How many minutes of each beam should be used to minimize the total radiation received by the pancreas?",1.5,171,linear-notable,Total radiation to the pancreas
prob_173,prob_173,"A keyboard manufacturer makes mechanical and standard keyboards. Mechanical keyboards are becoming more popular and thus the manufacturer aims to have five times as many mechanical than standard keyboards. A mechanical keyboard costs five units of plastic and two units of solder whereas a standard keyboard costs two units of plastic and one unit of solder. There are still customers that prefer a less noisy alternative. Therefore, there must be at least 30 standard keyboards. If the company has available 1000 units of plastic and 800 units of solder, how many of each type should be manufactured to maximize the total number of keyboards?",222,172,linear-notable,The total number of keyboards
prob_174,prob_174,"A party organizer needs to transport party goers either by limousine or bus. Limousines can carry 12 people and buses can carry 18 people. They need to transport at least 400 people. Because limousines are more attractive, at least 70% of the vehicles must be limousines. How many of each type of vehicle should be used to minimize the total number of limousines and buses used?",30,173,linear-notable,The total number of vehicles
prob_175,prob_175,"A city is planning to build three types of public facilities: parks, libraries, and sports centers. The city needs to decide how many of each facility to build and how many staff members to allocate to each facility. The city has a budget of $1,000,000 for construction and operation of these facilities. The cost per park is $10,000, per library is $15,000, and per sports center is $20,000. The annual salary for each staff member is $50,000. The city has a total of 50 staff members available. The city has a land constraint that limits the total number of facilities to 20. The city should have at least one of each type of facility, and each facility should have at least one staff member. The city council aims to maximize the total utility of the facilities, which is defined as a non-linear function of the number of facilities and staff. The utility function is given by: Utility = (Parks * StaffPerPark^2) + (Libraries * StaffPerLibrary^2) + (SportsCenters * StaffPerSportsCenter^2).",291,174,nonlinear-notable,Total Utility
prob_176,prob_176,"Glueco has 3 different production lines for glue and needs to determine the number of workers to assign to each production line. The production capacity of each worker on each line is given in the following Table. | Production Line | Glue 1 Units/Hour | Glue 2 Units/Hour | Glue 3 Units/Hour | |-----------------|-------------------|-------------------|-------------------| | 1 | 20 | 30 | 40 | | 2 | 50 | 35 | 45 | | 3 | 30 | 40 | 50 | Glueco needs to produce at least 120 units of glue 1, at least 150 units of glue 2, and at least 200 units of glue 3. The three production lines can only be opened or closed at the same time. The company aims to minimize the maximum production time required to meet the weekly demand for each type of glue. There are total 45 workers available. Each line can be utilized by up to 20 workers at a time.",0.09523809523809523,175,nonlinear-table,Minimum Time to Meet Weekly Demand
prob_177,prob_177,"Basel Tool and Die Company (BTD) manufactures large industrial pipe wrenches in one of its factories. The marketing department has estimated the demand for this product over the next 6 months as shown in the following Table. With the current labor force, BTD can produce approximately 420 pipe wrenches per month at a cost of $40 per wrench using regular-time production. Additionally, up to 80 wrenches per month can be produced using overtime at a cost of $45 per wrench. Wrenches can also be produced in advance and stored in inventory at a cost of $3 per month per wrench. The monthly demand for wrenches must be met without fail. At the end of December (beginning of January), BTD has an inventory of 10 wrenches. BTD aims to plan its production, including overtime, and inventory for the next 6 months to maximize profit. Assuming the revenue for these wrenches is fixed, the production manager can maximize profit by minimizing the total costs of production and inventory. Table (Estimated demand for pipe wrenches over the next 6 months): | Month | Demand | | -------- | ------ | | January | 370 | | February | 430 | | March | 380 | | April | 450 | | May | 520 | | June | 440 |",103960,176,linear-table,Total cost
prob_178,prob_178,You can run at a speed of 6 mph and swim at a speed of 3 mph to reach an island. The island is located 1 mile north of the shoreline and 4 miles east of your location on the shore. How far should you run west to minimize the time needed to reach the island?,0.9553413988436567,177,nonlinear-notable,The minimum time needed to reach the island
prob_179,prob_179,You need to find the shape of the maximum area rectangle that fits inside a graph. The graph is a parabola y = x^2 below the line y = 4. The the top side of the rectangle on the horizontal line y = 4. Please provide the area of the rectangle and the shape of the rectangle.,3.079201589017748,178,nonlinear-notable,The area of the rectangle
prob_180,prob_180,"A large fast-food restaurant employs waiters and managers. Waiters earn $1200 per week and managers earn $2000 per week. The restaurant requires a minimum of 50 workers of whom at least 15 must be managers. To keep the restaurant clean and running smoothly, the number of managers should be at least a third of the number of waiters. The restaurant wants to keep the weekly wage bill below $500000. Formulate an LP to minimize the wage bill.",72000,179,linear-notable,The total wage bill
prob_181,prob_181,"An appliance company sells and installs refrigerators and stoves. Each refrigerator takes 60 minutes of mover time and 20 minutes of setup time. Each stove takes 45 minutes of mover time and 25 minutes of setup time. The company has available 20000 minutes of mover time and 13000 minutes of setup time. If the profit per refrigerator is $400 and the profit per stove is $260, how many of each should they sell in order to maximize profit?",133200,180,linear-notable,The maximum profit
prob_182,prob_182,"Zeta Bakery sells two types of cookies. They sell a strawberry cookie and a sugar cookie. Let's say they make x1 strawberry cookies, at a profit of $5.5 each, and x2 sugar cookies, at a profit of $12 each (x1 and x2 are unknowns both greater than or equal to 0). The daily demand for these cookies is at most 100 strawberry cookies and at most 80 sugar cookies. The bakery is short staffed and can make a maximum of 100 cookies of either type per day. How much of each cookie should the bakery make in order to maximize profit?",1070,181,linear-notable,The total profit
prob_183,prob_183,"A city is planning to build three types of public facilities: parks, libraries, and sports centers. The city needs to decide how many of each facility to build and how many staff members to allocate to each facility. The city council aims to maximize the total utility of the facilities, which is defined as a non-linear function of the number of facilities and staff. The utility function is given by: Utility = (Parks * StaffPerPark^2) + (Libraries * StaffPerLibrary^2) + (SportsCenters * StaffPerSportsCenter^2). | Facility Type | Construction Cost | Annual Salary per Staff Member | |---------------|-------------------|---------------------------------| | Parks | $10,000 | $50,000 | | Libraries | $15,000 | $50,000 | | Sports Centers| $20,000 | $50,000 | The city has a budget of $1,000,000 for construction and operation of these facilities. The city has a total of 50 staff members available. The city has a land constraint that limits the total number of facilities to 20. The city should have at least one of each type of facility, and each facility should have at least one staff member.",291,182,nonlinear-table,Total Utility
prob_184,prob_184,Find two positive numbers. The product of the two numbers is 750. We want to minimize the sum of one number and 10 times the other number.,86.60253927502986,183,nonlinear-notable,The first number
prob_185,prob_185,"Organic Farming has 300 acres of land to grow daikons and fennels. Daikons require 0.5 hours of watering and $70 worth of compost per acre. Fennels require 1.5 hours of watering and $50 worth of compost per acre. The farmer has 500 hours available for watering and $7400 available to spend on compost. If the revenue per acre of daikons is $300 and the revenue per acre of fennels is $250, how many acres of each should he grow to maximize his revenue.",37000,184,linear-notable,Total revenue
prob_186,prob_186,"My family has decided to invest in real state for the first time. Currently, they have $600,000 to invest, some in apartments and the rest in townhouses. The money invested in apartments must not be greater than $200,000. They have decided that the money invested in apartments must be at least a half as much as that in townhouses. If the apartments earn 10%, and the townhouses earn 15%, how much money should they invest in each to maximize profit?",80000,185,linear-notable,The maximum profit
prob_187,prob_187,"An accounting firm has senior accountants earning $3000 per week and junior accountants earning $1000 per week. The contracts with companies to provide accounting services require at least 100 accountants, of whom at least 5 must be senior accountants. To make sure there is enough experience on the accounting team, the number of senior accountants should be at least a third of the number to junior accountants. The firm wants to keep the weekly wage bill below $150000. Formulate an LP to minimize the wage bill.",150000,186,linear-notable,Total wage bill
prob_188,prob_188,"An airport can either install escalators or elevators. Escalators can transport 20 people every minute whereas elevators can transport 8 people every minute. Escalators take up 5 units of space while elevators take 2 units of space. The airport needs to have enough capacity to transport at least 400 people every minute. Additionally, there must be at least three times more escalators than elevators and at least 2 elevators must be used. How many of each type should the airport install to minimize the total units of space taken?",100,187,linear-notable,The total units of space taken
prob_189,prob_189,You need to construct a A box with square base and no top. The box need hold a volume of 100 cubic inches. Find the dimensions of the box that requires the least material for the five sides.,102.59855554521748,188,nonlinear-notable,The minimum surface area of the box
prob_190,prob_190,A glass factory makes two types of glass panes: a regular glass pane and a tempered glass pane. Both require time on a heating and cooling machine. Both machines are available for a maximum of 300 minutes per day. It takes 3 minutes in the heating machine and 5 minutes in the cooling machine to make one regular glass pane. It takes 5 minutes in the heating machine and 8 minutes in the cooling machine to make one tempered glass pane. The profit per pane of regular glass is $8 and the profit per pane of tempered glass is $10. How many panes of each glass type should the factory make to maximize profit? What is the maximum profit?,480,189,linear-notable,The maximum profit
prob_191,prob_191,"X-Luxury Cloth wants to add coats and skirts, both with printed designs, to its collection. Both coats and skirts require designing and printing. Each coat requires 1.5 hours of designing time and 2.5 hours of printing time. Each skirt requires 3 hours of designing time and 3.5 hours of printing time. The designers are available 45 hours a week and the printing machine is available 70 hours per week. Each coat nets the company $12 in profit, and each skirt nets $16 in profit. What ratio of coats and skirts will produce the most profit within the constraints?",336,190,linear-notable,The total profit
prob_192,prob_192,A tourist spot in the mountains allows visitors to travel to the top either by hot-air balloon or gondola lift. A hot air balloon can carry 4 visitors while a gondola lift can carry 6 visitors. Each hot air balloon produces 10 units of pollution while each gondola lift produces 15 units of pollution. There can be at most 10 hot-air balloon rides and at least 70 visitors need to be transported. How many of each type of transport method should be taken to minimize the total pollution produced?,175,191,linear-notable,The total pollution produced
prob_193,prob_193,"A new fast food place makes wraps and platters. Each wrap requires 5 units of meat and 3 units of rice. Each platter requires 7 units of meant and 5 units of rice. While each wrap takes 10 minutes to make, each platter takes 8 minutes to make. The fast food place must use at least 3000 units of meat and 2500 units of rice. Since wraps are easier to eat on the go, at least 3 times as many wraps need to be made as platter. How many of each should the fast food place make to minimize the total production time?",6794,192,linear-notable,The total production time (in minutes)
prob_194,prob_194,"The Curious electronics business wants to determine the level of production of its two hottest digital keyboards: A400 and P500. Making one A400 keyboard requires 5 hours of labour and yields a $35 profit. On the other hand, one P500 keyboard can be produced in 9 hours and offers a greater profit of $80. Given the demand forecast, the business decides to produce at least three times as many A400 keyboards as P500 ones. In addition, it can spend up to 45 hours a week to manufacture these keyboards. Can you help the business determine the number of each keyboard to be produced each week to obtain the maximum profit?",325,193,linear-notable,Maximum profit
prob_195,prob_195,"Comp-Max Computers assembles computers and computer equipment. It is about to start production of three new types of computers, called model X, Y, and Z, respectively. Each type will require assembly time, inspection time, and storage space. The availability of each of these resources is limited. Specifically, available assembly time is 400 hours, available inspection time is 300 hours, and available storage space is 500 cubic feet (about 14.2 m³). The amount of each resource required for the different products and the profit per unit is reported in the table below. Due to some prior agreements with customers, Comp-Max must produce at least 12 model X computers. In addition, management requires that the fraction of total production made up of model Z computers must not exceed 25%. Formulate a linear program (LP) that will help the manager determine the quantity of each model to produce in order to maximize profit. Table (Resource requirements and profit per unit for each computer model): | Computer Model | Assembly Time (hours) | Inspection Time (hours) | Storage Space (cubic feet) | Profit per Unit ($) | | -------------- | --------------------- | ----------------------- | -------------------------- | ------------------- | | Model X | 1 | 2 | 3 | 100 | | Model Y | 2 | 3 | 4 | 125 | | Model Z | 3 | 4 | 5 | 200 |",15000,194,linear-table,The maximum profit
prob_196,prob_196,"An amusement park has two types of games: throwing and climbing games. Throwing games attract 15 customers every hour and climbing games attract 8 customers every hour. Throwing games costs the amusement park $2 in prizes per hour whereas climbing games cost $3 in prizes per hour. Since throwing games yield the most profit, there must be at least twice as many throwing games as climbing games. However, at least 5 games must be climbing. If the amusement park can have at most $100 in prizes every hour, maximize the total number of customers attracted every hour.",670,195,linear-notable,The total number of customers attracted per hour
prob_197,prob_197,"Robertville Furniture Company (RFC) makes two types of dressers: the Classic and the Modern. RFC sells the Classic for $310 and the Modern for $350. At these prices, RFC believes it can sell up to 20 Classic and 25 Modern dressers per week. Each type of dresser is made of oak and covered with a pecan veneer. The cost of oak is $1.50 per square foot, and the cost of pecan veneer is $2 per square foot. The dressers must go through two manufacturing departments: cutting and veneering. The machine hours required for each dresser, as well as the wood requirements, are given in the following table. RFC has only 40 hours of production time available each week in each department, and it can obtain up to 2000 board feet of oak and 1500 square feet of pecan veneer each week. The cost of operating each manufacturing department is essentially fixed, so RFC would like to maximize its contribution to overhead (revenue minus variable costs). Table (Wood requirements and machine hours for each type of dresser): | Dresser Type | Oak Size (sq ft) | Pecan Size (sq ft) | Cutting Time (hrs) | Veneering Time (hrs) | | ------------ | ---------------- | ------------------ | ------------------ | -------------------- | | Classic | 90 | 50 | 1.20 | 1.00 | | Modern | 100 | 60 | 0.90 | 1.20 |",1660,196,linear-table,The maximum contribution to overhead
prob_198,prob_198,"A disease testing station is conducting a temperature check and/or a blood test on each patient. A temperature check takes 2 minutes while a blood test takes 10 minutes. The disease testing station must conduct at least 45 blood tests. Since the temperature check is recommended to be performed on most people, the testing station requires that the temperature check is performed at least 5 times as many as the blood test. If the disease testing station only has a total of 22000 staff minutes, how many of each test or check should be done to maximize the number of patients seen?",10820,197,linear-notable,The total number of patients seen
prob_199,prob_199,"A snack exporter sends snacks to his customer in small and large suitcases. A small suitcase can hold 50 snacks while a large suitcase can hold 80 snacks. Most customer prefer small suitcases, and so at least twice as many small suitcases must be used as large suitcases. The exporter has available at most 70 small suitcases and 50 large suitcases. If he must send at least 15 large suitcases and can send at most 70 suitcases in total, how many of each should he send to maximize the total number of snacks that can be delivered?",4190,198,linear-notable,The total number of snacks transported
prob_200,prob_200,You need to construct a rectangular play area alongside the wall of your house. You have 100 feet of fence. The wall of the house bounds one side. Please find the dimensions of the play area that maximize the area.,1250,199,nonlinear-notable,The maximum area of the play area
prob_201,prob_201,The ABC Firefighting Equipment company has two assembly plants: Plant A in Atlanta and plant B in Buffalo. It has two distribution centers: Center I in Savannah and center II in Pittsburgh. The company can product at most 800 alarm valves per week at plant A and at most 1000 per week at plant B. Center I must have at least 900 alarm valves per week and center II must have at least 600 alarm valves per week. The costs per unit for transportation from the plants to the centers follow. Plant A to center I $8 Plant A to center II $12 Plant B to center I $16 Plant B to center II $4 Form the constraint inequalities that give the limits for the plants and distribution centers and form the total cost function that is to be minimized. Solve the mixed constraint problem for the minimum transportation cost.,10400,200,linear-notable,The minimum transportation cost
prob_202,prob_202,"Out of a stock of three electronic components A, B, and C given as 200, 120, and 150 respectively, it is required to produce two types of circuits. Circuit type 1 requires 20 resistors, 10 transistors, and 10 capacitors, while circuit type 2 requires 10 resistors, 20 transistors, and 30 capacitors. Circuit type 1 sells at Gh.5 cedis each and type 2 circuit at Gh.12 cedis each. Advise management about how many of each type should be made to get the maximum financial returns algebraically. Table (Components required for each type of circuit): | Component | Circuit Type 1 | Circuit Type 2 | Stock Available | | --------- | -------------- | -------------- | --------------- | | A (Resistors) | 20 | 10 | 200 | | B (Transistors) | 10 | 20 | 120 | | C (Capacitors) | 10 | 30 | 150 |",66,201,linear-table,The maximum financial returns
prob_203,prob_203,"A company is planning to optimize its production of five different products (Product A, Product B, Product C, Product D, and Product E) to maximize profit while considering the environmental impact of production. The company has a total production capacity of 1500 units across all products. The company must produce at least 200 units of Product A and 300 units of Product B to fulfill contractual obligations. The total environmental impact should not exceed 20,000 units. The profit per unit for Product A is $50, for Product B is $70, for Product C is $60, for Product D is $80, and for Product E is $90. The environmental impact per unit for Product A is 10 units, for Product B is 15 units, for Product C is 12 units, for Product D is 20 units, and for Product E is 18 units. The company wants to maximize the Profit-Impact ratio, where the Profit-Impact ratio is defined as the total profit divided by the total environmental impact.",4.925000000000026,202,nonlinear-notable,Profit-Impact Ratio
prob_204,prob_204,"The Kalo Fertilizer Company produces two brands of lawn fertilizer-Super Two and Green Grow-at plants in Fresno, California, and Dearborn, Michigan. The plant at Fresno has resources available to produce 5,000 pounds of fertilizer daily; the plant at Dearborn has enough resources to produce 6,000 pounds daily. The cost per pound of producing each brand at each plant is as follows: (cost of Production) Plant, Max Demand.Product, Fresno, Dearborn Available/day, Price per Item. SuperTwo $2 $4 6,000 lbs/day $9/lb. Green Grow $2 $3 7,000 lbs/day $7/lb. The company has a daily budget of $45,000 for both plants combined. Based on past sales, the company knows the maximum demand (converted to a daily basis) is 6,000 pounds for Super Two and 7,000 pounds for Green Grow. The selling price is $9 per pound for Super Two and $7 per pound for Green Grow. The company wants to know the number of pounds of each brand of fertilizer to produce at each plant in order to maximize profit.",60000,203,linear-notable,The maximum profit
prob_205,prob_205,"A logistics company operates five different types of trucks: TruckA, TruckB, TruckC, TruckD, and TruckE. The company needs to determine how many of each type of truck to deploy for the next month to optimize its operations. Each type of truck has different fuel efficiency, maintenance costs, and cargo capacity. The details for each type of truck are given in the following Table. | Truck Type | Fuel Cost per Kilometer | Maintenance Cost per Month | Cargo Capacity | |------------|-------------------------|----------------------------|----------------| | TruckA | $2 | $1000 | 10 tons | | TruckB | $3 | $1500 | 15 tons | | TruckC | $4 | $2000 | 20 tons | | TruckD | $5 | $2500 | 25 tons | | TruckE | $6 | $3000 | 30 tons | Each truck needs to run 2000 kilometers every month. The company aims to minimize the total cost per ton-kilometer (defined as the sum of the monthly maintenance costs and fuel costs per kilometer, divided by the total cargo capacity in tons). The company has a budget of $100,000 for maintenance costs next month. The company needs to transport at least 500 tons of cargo next month. Due to licensing restrictions, the company can operate at most 30 trucks in total.",500,204,nonlinear-table,Total Cost per Ton-Kilometer
prob_206,prob_206,"A tropical farmer has available 200 acres of land to grow pineapples and bananas. He likes bananas, but because they require so much more work, he can grow at most 4 times the amount of bananas as pineapples. In addition he must grow at least 40 acres of pineapples and at least 60 acres of bananas. If the profit per acre of pineapples is $200 and the profit per acres of bananas is $150, how many acre of each should he grow to maximize profit?",37000,205,linear-notable,The maximum profit
prob_207,prob_207,"Gandhi Cloth Company is capable of manufacturing three types of clothing: shirts, shorts, and pants. The manufacture of each type of clothing requires that Gandhi have the appropriate type of machinery available. The machinery needed to manufacture each type of clothing must be rented at the following rates: shirt machinery, $200 per week; shorts machinery, $150 per week; pants machinery, $100 per week. The manufacture of each type of clothing also requires the amounts of cloth and labor shown in Table 2. Clothing type, labor hours, Cloth: (Shirt 3, 4), (shorts, 2, 3), (pants, 6, 4). Each week, 150 hours of labor and 160 sq yd of cloth are available. The variable unit cost and selling price for each type of clothing are shown in Table 3. Revenue and Cost Information, Clothing type, sales price, variable (Shirt 12, 6), (shorts, 8, 4), (pants, 15, 8). Formulate an LP whose solution will maximize Gandhi's weekly profits.",75,206,linear-table,The maximum weekly profit
prob_208,prob_208,"A factory makes soccer balls and basket balls. Soccer balls take 5 minutes on the manufacturing machine and 3 minutes to fill with air. Basket balls take 7 minutes on the manufacturing machine and 4 minutes to fill with air. The factory can run the manufacturing machine for at most 700 minutes and they have 500 minutes available for filling the balls with air. If the profit per soccer ball is $4 and the profit per basket all is $5, how many of each ball should the factory make to maximize profit?",560,207,linear-notable,The total profit
prob_209,prob_209,"Stockco is considering four investments. Investment 1 will yield a net present value (NPV) of $16,000; investment 2, an NPV of $22,000; investment 3, an NPV of $12,000; and in- vestment 4, an NPV of $8,000. Each investment requires a certain cash outflow at the pres- ent time: investment 1, $5,000; investment 2, $7,000; investment 3, $4,000; and investment 4, $3,000. Currently, $14,000 is available for investment. Formulate an LP whose solution will tell Stockco how to maximize the NPV obtained from investments 1-4.",42000,208,linear-notable,Total NPV
prob_210,prob_210,"Thunder Wood is a logging company and it cuts three specific trees: Elm, Oak, and Alder. The company has two operations. The north side operation costs $450 to operate per day and produces 5 elm trees, 5 oak trees, and 4 alder trees daily. The south side operation costs $550 to operate per day and produces 6 elm trees, 4 oak trees, and 6 alder trees daily. The logging company must provide a paper pulp with 25 elm trees, 15 oak trees, and 30 alder trees per week. How many days a week should each operation be run in order to minimize cost while meeting the requirements?",2750,209,linear-notable,Total operation cost
prob_211,prob_211,"Employees have the option of car-pooling to work or taking the company bus. A car can take 4 employees and produces 10 units of pollution, while a bus can take 20 employees and produces 30 units of pollution. At least 300 employees need to be transported and at most 4 buses can be used. How many of each type of transport should be taken to minimize the total pollution produced.",670,210,linear-notable,Total pollution produced
prob_212,prob_212,"A soda company sells soda in two types of containers: cans and glass bottles. A can holds 250 ml of soda whereas a bottle holds 1000 ml of soda. The soda company needs to bottle at least 1000000 ml of soda every day and due to the ability to sell soda cans as packs, there must be at least three times more cans than glass bottles. However, because of previous contracts with gas stations, there must be at least 100 glass bottles made. How many of each should be made to minimize the total number of units produced?",2287,211,linear-notable,The total number of units produced
prob_213,prob_213,A landscape architect plans to enclose a rectangular region in a botanical garden. The area of the rectangular region should be at least 3000 square feet. She will use shrubs costing $25 per foot along three sides and fencing costing $10 per foot along the fourth side. What dimensions of the rectangular region will result in the least possible cost?,4582.575694268464,212,nonlinear-notable,The least possible cost
prob_214,prob_214,"Four-product T-shirt/sweatshirt manufacturing company. Must complete production within 72 hours Truck capacity = 1,200 standard sized boxes. Standard size box holds12 T-shirts. One-dozen sweatshirts box is three times size of standard box. $25,000 available for a production run. 500 dozen blank T-shirts and sweatshirts in stock. How many dozens (boxes) of each type of shirt to produce for maximizing profit? Resource requirements for the product mix example. Processing Time (hr) Per dozen, Cost ($) per dozen, Profit ($) per dozen. Sweatshirt -F: 0.10 $36 $90. Sweatshirt - B/F:0.25 48 125. T-shirt - F:0.08 25 45. T-shirt - B/F: 0.21 35 65.",45500,213,linear-notable,The maximum profit
prob_215,prob_215,"A jam company sends its product out in small and large jars. A small jar can hold 50 ml of jam while a large jar can hold 200 ml of jam. Most store prefer the smaller size and so the number of large jars cannot exceed the number of small jars. If the company wants to ship at least 100000 ml of jam, find the minimum number of jars that can be used.",800,214,linear-notable,The total number of jars used
prob_216,prob_216,"A meat shop ships their burger patties using refrigerated trucks and vans. Each truck can take 1000 patties at a cost of $300 per trip. Each van can take 500 patties at a cost of $100 per trip. Because the trucks have difficulty moving around in the city, the number of trucks must not exceed the number of vans. The meat shop has to ship at least 50000 patties and they have a budget of $12500. How should they plan their shipment to minimize the total number of trips?",75,215,linear-notable,The total number of trips
prob_217,prob_217,"To graduate from Basketweavers University with a major in operations research, a student must complete at least two math courses, at least two OR courses, and at least two computer courses. Some courses can be used to fulfill more than one requirement: Calculus can fulfill the math requirement; operations research, math and OR requirements; data structures, computer and math requirements; business statistics, math and OR requirements; computer simulation, OR and computer requirements; introduction to computer programming, computer requirement; and forecasting, OR and math requirements. Some courses are prerequisites for others: Calculus is a prerequisite for business statistics; introduction to computer programming is a prerequisite for computer simulation and for data structures; and business statistics is a prerequisite for forecasting. Formulate an LP that minimizes the number of courses needed to satisfy the major requirements.",4,216,linear-notable,The minimum number of courses needed
prob_218,prob_218,You need to construct a rectangular pen for cattle. You have 400 ft of fencing. What are the dimensions of the pen that maximize the area?,10000,217,nonlinear-notable,The maximum area of the pen
prob_219,prob_219,"International Wool Company operates a large farm on which sheep are raised. The farm manager determined that for the sheep to grow in the desired fashion, they need at least minimum amounts of four nutrients (the nutrients are nontoxic so the sheep can consume more than the minimum without harm). The manager is considering three different grains to feed the sheep. The table below lists the number of units of each nutrient in each pound of grain, the minimum daily requirements of each nutrient for each sheep, and the cost of each grain. The manager believes that as long as a sheep receives the minimum daily amount of each nutrient, it will be healthy and produce a standard amount of wool. The manager wants to raise the sheep at minimum cost. Table (The number of units of each nutrient in each pound of grain, the minimum daily requirements of each nutrient for each sheep, and the cost of each grain): | Nutrient | Grain A | Grain B | Grain C | Minimum Daily Requirement | |----------|---------|---------|---------|---------------------------| | Nutrient A | 20 | 30 | 70 | 110 | | Nutrient B | 10 | 10 | 0 | 18 | | Nutrient C | 50 | 30 | 0 | 90 | | Nutrient D | 6 | 2.5 | 10 | 14 | The prices of grain A, B, and C are $41, $36, and $96, respectively.",148.61089482,218,linear-table,The minimum cost
prob_220,prob_220,Find two positive numbers whose product is 750 and for which the sum of one and 10 times the other is a minimum.,86.60253927502986,219,nonlinear-notable,The first number
prob_221,prob_221,"Dorian Auto is considering manufacturing three types of autos: compact, midsize, and large. The resources required for, and the profits yielded by, each type of car are shown in Table: steel required (1.5tons, 3tons, 5tons), labor required (30 hours, 40 hours, 25 hours), Profit yielded ($) (2,000, 3,000, 4,000). Currently, 10,000 tons of steel and 120,000 hours of labor are available. For production of a type of car to be economically feasible, at least 1,000 cars of that type must be produced. Maximize Dorian's profit.",9666000,220,linear-table,The maximum profit
prob_222,prob_222,"A man is trapped in a swamp at the location: (3/4,0). The rescue team must stay as close to him as possible so that they can pass a rope to him. Note that the rescue team cannot enter the swamp, so the range of its motion is constrained by a curve y >= x^2, and x >= 0. Find the BEST LOCATION of the length of the rope required to rescue him.",0.4998083998257366,221,nonlinear-notable,The x cordinate of the best location
prob_223,prob_223,"A logistics company operates five different types of trucks: TruckA, TruckB, TruckC, TruckD, and TruckE. The company needs to determine how many of each type of truck to deploy for the next month to optimize its operations. Each type of truck has different fuel efficiency, maintenance costs, and cargo capacity. For TruckB, the fuel cost per kilometer is $3, maintenance cost per month is $1500, and cargo capacity is 15 tons. For TruckC, the fuel cost per kilometer is $4, maintenance cost per month is $2000, and cargo capacity is 20 tons. For TruckD, the fuel cost per kilometer is $5, maintenance cost per month is $2500, and cargo capacity is 25 tons. For TruckE, the fuel cost per kilometer is $6, maintenance cost per month is $3000, and cargo capacity is 30 tons. Each truck needs to run 2000 kilometers every moth. The company aims to minimize the total cost per ton-kilometer (defined as the sum of the monthly maintenance costs and fuel costs per kilometer, divided by the total cargo capacity in tons). The company has a budget of $100,000 for maintenance costs next month. The company needs to transport at least 500 tons of cargo next month. Due to licensing restrictions, the company can operate at most 30 trucks in total. For TruckA, the fuel cost per kilometer is $2, maintenance cost per month is $1000, and cargo capacity is 10 tons.",500,222,nonlinear-notable,Total Cost per Ton-Kilometer
prob_224,prob_224,"A bakery has 5 different ovens for baking cakes. The owner needs to assign workers to each oven. On oven 1, each worker produces 15 units of cake 1 and 20 units of cake 2 during a hour. On oven 2, each worker produces 20 units of cake 1 and 25 units of cake 2 during a hour. On oven 3, each worker produces 25 units of cake 1 and 30 units of cake 2 during a hour. On oven 4, each worker produces 30 units of cake 1 and 35 units of cake 2 during a hour. On oven 5, each worker produces 35 units of cake 1 and 40 units of cake 2 during a hour. The bakery needs to produce at least 200 units of cake 1 and at least 300 units of cake 2. The five ovens can only be opened or closed at the same time. Please determine the minimum production time to meet the daily demand. There are total 40 workers available. Each oven can be utilized by up to 15 workers at a time. The bakery produces 2 types of cakes in the 5 ovens.",0.21052631578947364,223,nonlinear-notable,Minimum Production Time
prob_225,prob_225,"A car company makes two types of cars, a race car and a regular car. Two different teams produce each of these cars. The race car team can make at most 3 race cars per day while the regular car team can make at most 5 regular cars per day. Both cars need to go through a safety check, and in a day at most 6 cars of either type can be safety checked. If the profit per race car is $20000 and the profit per regular car is $10000, how many of each should the company make to maximize their profit?",90000,224,linear-notable,The total profit per day
prob_226,prob_226,"Suppose you have 30 feet of fencing and want to fence in a rectangular garden next to a house. You want the largest possible garden, so you decide to use one wall of the house as a border and use the fencing for the other three sides. What should the dimensions of the rectangle be?",112.5,225,nonlinear-notable,The area of the garden
prob_227,prob_227,"Western Pulp (WP) produces recycled paperboard for box manufacturers by combining four grades of recycled paper stock. Each grade of stock has a different strength, color, and texture. The strength, color, and texture of the paperboard are approximately a weighted average of those characteristics of the paper inputs. The table gives the characteristics of the paper stocks and their cost per ton. Paper Grade, Strength, Color, Texture, Cost/Ton are [1, 8, 9, 8 $150], [2, 6, 7, 5, $110], [3, 5, 5, 6, $90] and [4, 3, 4, 5, $50]. WP has received an order for 500 tons of paperboard with a strength rating of at least 7, a color of at least 5, and texture of at least 6. WP would like to determine the least costly mix required to produce this paperboard.",65000,226,linear-table,The minimum cost
prob_228,prob_228,"A bakery produces 4 types of cakes: chocolate, vanilla, strawberry, and lemon. The bakery has 3 ovens and needs to schedule the baking times (hour) for each type of cake. The operating time of the oven can only be set in increments of one hour. The bakery aims to maximize its daily revenue from selling cakes, where the revenue from each type of cake is proportional to the square of its baking time (hour). Specifically, the revenue from chocolate cake is 5 * Tc^2, from vanilla cake is 4 * Tv^2, from strawberry cake is 3 * Ts^2, and from lemon cake is 2 * Tl^2. | Cake Type | Revenue per Hour (Revenue = Constant * Time^2) | |-----------|------------------------------------------------| | Chocolate | 5 * Tc^2 | | Vanilla | 4 * Tv^2 | | Strawberry| 3 * Ts^2 | | Lemon | 2 * Tl^2 | The bakery must also ensure that the total baking time for all cakes does not exceed 24 hours. Each oven can only bake one type of cake at a time, and the bakery must ensure that each type of cake is baked at least once. The bakery has a limited supply of ingredients, which allows for a maximum of 10 hours of baking for chocolate cake, 8 hours for vanilla cake, 6 hours for strawberry cake, and 4 hours for lemon cake.",833,227,nonlinear-table,Total Revenue
prob_229,prob_229,"A tech company is planning to launch five new software products: AppX, AppY, AppZ, AppW, and AppV. They need to decide how many development teams to allocate to each product for the upcoming quarter. The Estimated Revenue per Team, Development Cost per Team, and Marketing Cost per Team for each product are given in the following Table. | Product | Estimated Revenue per Team | Development Cost per Team | Marketing Cost per Team | |---------|----------------------------|---------------------------|-------------------------| | AppX | $100,000 | $60,000 | $20,000 | | AppY | $150,000 | $80,000 | $30,000 | | AppZ | $200,000 | $100,000 | $40,000 | | AppW | $120,000 | $70,000 | $25,000 | | AppV | $180,000 | $90,000 | $35,000 | The company has a total of 30 development teams available for the quarter. Due to market research, the company knows that AppX must have at least twice as many development teams as AppY. The company has a budget of $2,500,000 for marketing costs for the quarter. The company wants to ensure that each product has at least one team working on it. The company wants to maximize the average net profit per team.",55333.33333333333,228,nonlinear-table,Average Net Profit per Team
prob_230,prob_230,You are making cylindrical containers to contain a certain volume of liquid. The volume of the cylinder is 12 cubic inches. Suppose that the top and bottom are made of a material that is 3 times as expensive (cost per unit area) as the material used for the lateral side of the cylinder. Find the shape of the cylinder that minimizes the cost of making the containers.,41.84810349780642,229,nonlinear-notable,The minimum cost of making the container
prob_231,prob_231,"A teddy bear company produces three different colored bears: black, white, and brown. These bears are made in two different factories. Running factory 1 for 1 hour costs $300 and produces 5 black teddy bears, 6 white teddy bears, and 3 brown ones. Running factory 2 for 1 hour costs $600 and produces 10 black teddy bears and 10 white teddy bears. (but no brown ones). To meet children's demand, at least 20 black teddy bears, 5 white teddy bears, and 15 brown teddy bears must be made daily. Given this information, develop a linear programming problem assuming the teddy bear company wants to minimize the cost of production.",1500,230,linear-notable,The total cost of production
prob_232,prob_232,"A navy ship is stocking food onto their submarine and their staff can eat either a salad or fruit bowl for their fibre and vitamin intake. The nutritionist in charge of this voyage needs to ensure that their staff gets at least 90 units of vitamin and 110 units of fibre each. Each salad contains 7 units of vitamins and 12 units of fibre. Each fruit bowl contains 15 units of vitamin and 3 units of fibre. In addition, since fruit bowls take longer to prepare, at most 30% of their meals should be fruit bowls. If each salad contains 2 units of potassium and each fruit bowl contains 8 units of potassium, how many of each should they prepare for each staff to maximize their potassium intake?",0,231,linear-notable,The total potassium intake
prob_233,prob_233,Find the area of the largest rectangle that fits inside a semicircle of radius 10 (one side of the rectangle is along the diameter of the semicircle).,100,232,nonlinear-notable,The maximum area of the rectangle
prob_234,prob_234,"Euing Gas produces two types of gasoline (gas 1 and gas 2) from two types of oil (oil 1 and oil 2). Each gallon of gas 1 must contain at least 50 percent oil 1, and each gallon of gas 2 must contain at least 60 percent oil 1. Each gallon of gas 1 can be sold for $12, and each gallon of gas 2 can be sold for $14. Currently, 500 gallons of oil 1 and 1,000 gallons of oil 2 are available. As many as 1,500 more gallons of oil 1 can be purchased at the prices shown in the following Table. Maximize Euing's profits (revenues - purchasing costs). Table (Purchasing prices for additional gallons of oil 1): | Additional Gallons of Oil 1 | Price per Gallon | | --------------------------- | ---------------- | | First 500 | $25 | | Next 500 | $20 | | Next 500 | $15 |",9500,233,linear-table,The maximum profit
prob_235,prob_235,"A logistics company is managing the distribution of three types of goods: GoodsX, GoodsY, and GoodsZ. The company needs to decide how many trucks to allocate for each type of good to optimize delivery efficiency and minimize costs. Additionally, the company can invest in route optimization software to reduce travel time and fuel consumption, which affects the cost and efficiency of each delivery. The initial cost per truck for GoodsX is $1,000, but with optimization, the cost decreases by $10 for every $100 invested in optimization. The initial cost per truck for GoodsY is $1,200, and with optimization, the cost decreases by $12 for every $100 invested in optimization. The initial cost per truck for GoodsZ is $1,500, and with optimization, the cost decreases by $15 for every $100 invested in optimization. The company aims to minimize the total delivery cost for all goods. The company has a total of 50 trucks available for allocation. The budget for route optimization software is $10,000. Due to contractual obligations, the company must allocate at least 10 trucks for GoodsX and 15 trucks for GoodsY. The company wants to ensure that the total investment in optimization does not exceed the total cost savings from using the software. The reduction in delivery costs is linearly proportional to the amount of investment in route optimization software for each type of good.",18000,234,nonlinear-notable,Total Cost
prob_236,prob_236,"Each month, a video-game store owner can spend at most $30000 on consoles and discs. A console costs the store owner $300 and a disc costs $30. Each console is sold for a profit of $200 while each disc is sold for a profit of $30. The store owner estimates that a minimum of 20 but at most 50 consoles are sold each month. He also estimates that the number of discs sold is at most five times the number of consoles sold. How many of each, consoles and discs, should be sold in order to maximize the profit?",17500,235,linear-notable,Maximum profit
prob_237,prob_237,"Comp-Max Computers assembles computers and computer equipment. It is about to start production of three new types of computers, called model X, Y, and Z, respectively. Each type will require assembly time, inspection time, and storage space. The availability of each of these resources is limited. Specifically, available assembly time is 400 hours, available inspection time is 300 hours, and available storage space is 500 cubic feet (about 14.2 m³). The amount of each resource required for the different products and the profit per unit is reported in the table below. Due to some prior agreements with customers, Comp-Max must produce at least 12 model X computers. In addition, management requires that the fraction of total production made up of model Z computers must not exceed 25%. Help the manager determine the quantity of each model to produce in order to maximize profit. Table (Resource requirements and profit per unit for each computer model): | Computer Model | Assembly Time (hours) | Inspection Time (hours) | Storage Space (cubic feet) | Profit per Unit ($) | | -------------- | --------------------- | ----------------------- | -------------------------- | ------------------- | | Model X | 1 | 2 | 3 | 100 | | Model Y | 2 | 3 | 4 | 125 | | Model Z | 3 | 4 | 5 | 200 |",15000,236,linear-table,The maximum profit
prob_238,prob_238,"A farmer has 200 acres of land on which he must process hay using either a windrower or hay harvester. For each acre of land, the windrower can process 10 kg of hay while the hay harvester can process 8 kg of hay. Per acre, the windrower produces 5 kg of methane gas and requires 2 kg of fuel. On the other hand, the hay harvester produces 3 kg of methane gas per acre and requires 1 kg of fuel. There are 300 kg of fuel available and the farmer can produce at most 800 kg of methane gas. For how many acres should each machine be used to maximize the amount of hay processed?",100,237,linear-notable,The acres processed by windrower
prob_239,prob_239,"An engineering school has a bridge building competition where students must build as many beam bridges and truss bridges as they can using Popsicle sticks and glue. A beam bridge requires 30 Popsicle sticks and 5 units of glue while a truss bridge requires 50 Popsicle sticks and 8 units of glue. Each team has at most 600 Popsicle sticks and 100 units of glue. In addition, each team can build at most 5 truss bridges and the number of beam bridges must be larger than the number of truss bridges. If a beam bridge can hold 40 grams and a truss bridge can hold 60 grams, how many of each bridge should a team build to maximize the total mass that can be supported?",800,238,linear-notable,The total mass that can be supported
prob_240,prob_240,"Let us suppose that we want to put four items in a knapsack that can hold up to 12 kg. The weight and the value associated with each of the items are listed below: for the item 1, 2, 3 and 4, the weights and the values are (3, 15), (6, 25), (5, 12) and (5, 10). We need to decide which items to put in so as to maximize the total value of the knapsack.",40,239,linear-notable,The maximum total value of the knapsack
prob_241,prob_241,"Brooks City has three consolidated high schools, each with a capacity of 1,200 students. The school board has partitioned the city into five busing districts-north, south, east, west, and central-each with different high school student populations. The three schools are located in the central, west, and south districts. Some students must be bused outside their districts, and the school board wants to minimize the total bus distance traveled by these students. The average distances from each district to the three schools and the total student population in each district are as follows: Distance (miles) District Central School, West School, South School, Student Population North 8 11 14 700 South 12 9 0 300 East 9 16 10 900 West 8 0 9 600 Central 0 8 12 500 The school board wants to determine the number of students to bus from each district to each school to minimize the total busing miles traveled.",21700,240,linear-notable,Total busing miles traveled
prob_242,prob_242,"A repairman fixes washing machines and freezers. Each washing machine takes 30 minutes of inspection and 90 minutes of fixing time. Each freezer takes 20 minutes of inspection and 125 minutes of fixing time. The repairman has 5000 minutes available for inspection and 20000 minutes available in his schedule. If each washing machine repaired earns him $250 and each freezer repaired earns his $375, how many of each appliance should he fix to maximize his earnings?",60000,241,linear-notable,Total earnings
prob_243,prob_243,"You want to make cylindrical containers. The volume of the container is at least 100 cubic inches. The side is made from a rectangular piece of material, and this can be done with no material wasted. However, the top and bottom are cut from squares of side 2r, so that 2*((2*r)^2) = 8 * r^2 of material is needed (rather than 2 * π * r^2, which is the total area of the top and bottom). Find the dimensions of the container using the least amount of material.",129.26608058453235,242,nonlinear-notable,The minimum amount of material needed
prob_244,prob_244,"In a science fair, there are two types of tables that can be used to display the children’s science experiments. At the circular tables, 4 poster boards and 5 participants can fit around the table to cater to 8 guests. At the rectangular tables, 4 poster boards and 4 participants can fit around the table to cater to 12 guests. However, each circular table takes up 15 units of space while each rectangular table takes up 20 units of space. The science fair has must be able to fit at least 500 participants and 300 poster boards. If the science fair has available 1900 units of space, how many of each type of table should be set up to maximize the number of catered guests?",1080,243,linear-table,The total number of catered guests
prob_245,prob_245,You have 100 feet of fence to make a rectangular play area alongside the wall of your house. The wall of the house bounds one side. What is the largest size possible (in square feet) for the play area?,1250,244,nonlinear-notable,The maximum area of the play area
prob_246,prob_246,"A manufacturing company is planning to produce four different types of products: ProductA, ProductB, ProductC, and ProductD. They need to decide how many units of each product to produce in the next month to optimize their profits. The company has a total production capacity of 500 units for the month. Due to raw material availability, the production of ProductB cannot exceed twice the production of ProductA. The company has a budget of $20,000 for raw materials for the month. The cost of raw materials for ProductA is $20 per unit, for ProductB is $30 per unit, for ProductC is $25 per unit, and for ProductD is $40 per unit. The initial profit per unit for ProductA is $50, but it decreases by $1 for each additional unit of ProductA produced beyond the first 100 units. The initial profit per unit for ProductB is $70, but it decreases by $0.5 for each unit of ProductA produced. The initial profit per unit for ProductC is $60, but it increases by $0.2 for each unit of ProductB produced. The initial profit per unit for ProductD is $80, but it decreases by $0.1 for each unit of ProductC produced. The company wants to maximize the total profit.",40000,245,nonlinear-notable,Total Profit
prob_247,prob_247,"A tourism company can buy sedans or buses to add to their fleet of vehicles to increase their capacity for more tourists. A sedan can seat 50 tourists per day but results in 10 units of pollution. A bus can seat 250 tourists per day but results in 40 units of pollution. The city has limited this tourism company to producing at most 800 units of pollutants per day. To make a profit, this tourism company must take care of at least 4600 customers per day. Planning to make a profit, how many sedans and how many buses should this tourism company purchase to decrease the total number of vehicles needed?",19,246,linear-notable,The total number of vehicles
prob_248,prob_248,"A toy store hires seasonal and full-time volunteers to deliver gifts and gives them points for service. A seasonal volunteer can deliver 5 gifts and gets 2 points. A full-time volunteer can deliver 8 gifts and gets 5 points. The store can only give out 200 points. In addition, a maximum of 30% of the volunteers can be seasonal and at least 10 must be full-time. How many of each volunteer is needed to maximize the total number of gifts that can be delivered?",342,247,linear-notable,The total number of gifts delivered
prob_249,prob_249,"Lisa can invest in NFTs and crypto-currency up to $5000. Each dollar invested in NFTs yields $0.30 profit, and each dollar invested in a crypto-currency yields $0.40 profit. A minimum of 25% of all money invested must be in NFTs, and at least $2300 must be in crypto-currency. How can Lisa maximize her profit?",1875,248,linear-notable,Total profit
prob_250,prob_250,"A woman eats cashews and almonds to get her calorie and protein intake. A serving of almonds contains 200 calories and 20 grams of protein. A serving of cashews contains 300 calories and 25 grams of protein. The woman decides to eat at least twice as many servings of almonds as cashews. Furthermore, a serving of almonds contains 15 grams of fat while a serving of cashews contains 12 grams of fat. If the woman needs to consume at least 10000 calories and 800 grams of protein this week, how many servings of each should she eat to minimize her fat intake?",603,249,linear-notable,The total fat intake
prob_251,prob_251,"Both coconut oil and lavender need to be added to a body wash. One unit of coconut oil takes 0.7 minutes to be effective while one unit of lavender takes 0.9 minutes to be effective. The body wash must contain at least 300 units of coconut oil and at most 550 units of both ingredients. Since too much coconut oil can make the body wash too oily, there can be at most thrice the amount of coconut oil as lavenders in the body wash. How many units of each should be added to the body wash to minimize the total amount of time it takes for the mixture to be effective? (Note: one must be added before the other)",300,250,linear-notable,The minimum effective time
prob_252,prob_252,"A chocolate maker has contracted to operate a small candy counter in a fashionable store, offering a limited selection of candy mixes and individual one-pound boxes of cashews, raisins, caramels, and chocolates. The counter will offer a regular mix (equal parts of cashews, raisins, caramels, and chocolates), a deluxe mix (one-half cashews and one-half chocolates), and individual one-pound boxes of each candy type. All candies are made fresh at the counter, but storage space for supplies is limited. Bins are available with the capacities shown in the following table. Additionally, to maintain a good image and encourage purchases, at least 20 boxes of each type of product must be made each day. Leftover boxes are donated to a nearby nursing home. The profit per box for each item is also provided in the table. Determine the optimal values of the decision variables and the maximum profit. Table (Ingredient Capacity and Profit per Box): | Ingredient | Capacity (pounds per day) | Regular Mix Profit | Deluxe Mix Profit | Individual Box Profit | |------------|---------------------------|--------------------|-------------------|-----------------------| | Cashews | 120 | $0.80 | $0.90 | $0.70 | | Raisins | 200 | $0.80 | - | $0.60 | | Caramels | 100 | $0.80 | - | $0.50 | | Chocolates | 160 | $0.80 | $0.90 | $0.75 |",433,251,linear-table,The maximum profit
prob_253,prob_253,"A mine sends ore to the surface in small and large wagons. A small wagon hold 20 units of ore while a large wagon holds 50 units of ore. To avoid taking up too much space on the ramps, the number of small wagons must be at least twice as much as the number or large wagons. In addition, at least 10 large wagons must be used. If 2000 units of ore need to taken to the surface, minimize the total number of wagons needed.",67,252,linear-notable,The total number of wagons needed
prob_254,prob_254,"A manufacturing company is planning to produce four different types of products: ProductA, ProductB, ProductC, and ProductD. They need to decide how many units of each product to produce in the next month to optimize their profits. The profit per unit for each product varies based on the production of other products, as detailed in the following Table. | Product | Initial Profit per Unit | Profit Adjustment | Raw Material Cost per Unit | |---------|-------------------------|-------------------|----------------------------| | ProductA | $50 | -$1 per unit beyond 100 units of ProductA | $20 | | ProductB | $70 | -$0.5 per unit of ProductA | $30 | | ProductC | $60 | +$0.2 per unit of ProductB | $25 | | ProductD | $80 | -$0.1 per unit of ProductC | $40 | The company has a total production capacity of 500 units for the month. Due to raw material availability, the production of ProductB cannot exceed twice the production of ProductA. The company has a budget of $20,000 for raw materials for the month. The company wants to maximize the total profit, which is calculated as follows: - Total profit for ProductA: Profit_A = min(50 - (UnitsA - 100), 50) * UnitsA - Total profit for ProductB: Profit_B = (70 - 0.5 * UnitsA) * UnitsB - Total profit for ProductC: Profit_C = (60 + 0.2 * UnitsB) * UnitsC - Total profit for ProductD: Profit_D = (80 - 0.1 * UnitsC) * UnitsD The objective function is: Maximize (Profit_A + Profit_B + Profit_C + Profit_D).",40000,253,nonlinear-table,Total Profit
prob_255,prob_255,"A honey farmer sells his honey in glass and plastic jars. A glass jar can hold 250 ml of honey while a plastic jar can hold 300 ml of honey. Since glass jars are more expensive, at least twice as many plastic jars must be filled as glass jars. However, at least 20 glass jars should be filled. If the farmer has 20000 ml of honey, how many jars of each should be filled to maximize the total number of bottles filled?",70,254,linear-notable,The total number of jars filled
prob_256,prob_256,"A logistics company is managing the distribution of three types of goods: GoodsX, GoodsY, and GoodsZ. The company needs to determine the number of trucks allocated to each type of goods and the number of trips per truck for each type of goods will make in the upcoming month. For ease of management, the number of trips per truck is the same for all trucks of the same type of goods. Additionally, the company wants to invest in fuel-efficient upgrades of trucks for each type of goods, which will reduce fuel costs per trip. The initial fuel cost per trip, revenue generated per trip, and the effect of fuel efficiency investment for each type of goods are given in the following Table. | Goods | Initial Fuel Cost per Trip | Revenue per Trip | Fuel Efficiency Investment Effect | |-------|---------------------------|------------------|----------------------------------| | GoodsX | $200 | $500 | $10 reduction per $10,000 invested | | GoodsY | $250 | $600 | $10 reduction per $10,000 invested | | GoodsZ | $300 | $700 | $10 reduction per $10,000 invested | The company has a total of 50 trucks available for the month. The total investment in fuel efficiency upgrades cannot exceed $60,000. Due to operational constraints, each truck can make no more than 20 trips in the month. The company must ensure that at least 10 trucks are allocated to GoodsX and 15 trucks to GoodsY. The company aims to maximize the total profit from all goods.",395000,255,nonlinear-table,Total Profit
prob_257,prob_257,"Gandhi Cloth Company is capable of manufacturing three types of clothing: shirts, shorts, and pants. The manufacture of each type of clothing requires that Gandhi have the appropriate type of machinery available. The machinery needed to manufacture each type of clothing must be rented at the following rates: shirt machinery, $200 per week; shorts machinery, $150 per week; pants machinery, $100 per week. The manufacture of each type of clothing also requires the amounts of cloth and labor shown in Table 2. Clothing type, labor hours, Cloth: (Shirt 3, 4), (shorts, 2, 3), (pants, 6, 4). Each week, 150 hours of labor and 160 sq yd of cloth are available. The variable unit cost and selling price for each type of clothing are shown in Table 3. Revenue and Cost Information, Clothing type, sales price, variable (Shirt 12, 6), (shorts, 8, 4), (pants, 15, 8). Maximize Gandhi's weekly profits.",75,256,linear-table,The maximum weekly profit
prob_258,prob_258,"A clinic employs nurses and pharmacists to deliver shots to patients. A nurse works 5 hours per shift while a pharmacist works 7 hours per shift. Nurses are paid $250 per shift while pharmacists are paid $300 per shift. Currently, the clinic needs 200 hours of healthcare labor to meet needs. If the firm has a budget of $9000, how many of each healthcare worker should be scheduled to minimize the total number of workers?",29,257,linear-notable,The total number of workers
prob_259,prob_259,"A strata-management company is looking into purchasing two types of air conditioners, a low-power and a high-power model. A low-powered air conditioner can cool down 12 housing units and uses 150 units of electricity every day. A high-power model can cool down 17 housing units and uses 250 units of electricity every day. Since the low-powered model is not good for the aesthetics, the strata decided to limit the number of low-powered models to only 30% and at least 7 high-powered models must be used. If the apartment needs to condition at least 250 housing units and has 8000 units of electricity available, how many of each air conditioner should the strata company buy to minimize the total number of air conditioners?",15,258,linear-notable,The total number of air conditioners
prob_260,prob_260,We want to construct a cylindrical can with a bottom but no top that will have a volume of 30 cm^3. Determine the dimensions of the can that will minimize the amount of material needed to construct the can.,42.42143626839228,259,nonlinear-notable,The minimum amount of material needed
prob_261,prob_261,We have 45 square meters of material to build a box with a square base and no top. Determine the dimensions of the box that will maximize the enclosed volume.,29.047375266161364,260,nonlinear-notable,The maximum volume of the box
prob_262,prob_262,"A bakery produces five types of cakes: C1, C2, C3, C4, and C5. They need to determine the quantities of each cake to produce. The revenue per unit, production time per unit, and ingredient cost per unit for each cake are given in the following Table. | Cake | Revenue per Unit | Production Time per Unit | Ingredient Cost per Unit | |------|------------------|--------------------------|--------------------------| | C1 | $30 | 1 hour | $10 | | C2 | $40 | 2 hours | $15 | | C3 | $50 | 3 hours | $20 | | C4 | $60 | 4 hours | $25 | | C5 | $70 | 5 hours | $30 | The bakery has a limited production time of 80 hours. The bakery has a budget of $3000 for ingredient costs. The bakery has a production capacity of 200 units in terms of the number of units it can produce. Due to market demand, the bakery must produce at least 40 units in total. The bakery has a limited production line and can only produce one cake at a time. The bakery wants to maximize the profit efficiency (profit per hour of production time).",20,261,nonlinear-table,Profit Efficiency
prob_263,prob_263,"Wilson Creek Farm has 200 acres of land available for planting. The owner is considering planting three crops: corn, soybeans, and wheat. The production yield, water requirements, and labor requirements for a salable crop are given here. The owner expects to have only 35,000 gallons of water available per week to use for the crops, and during the growing season he will only have 8000 person-hours of labor available. The expected profit per bushel of each crop is $1.00 for corn, $1.60 for soybeans, and $3.00 for wheat. The owner can use any mix of crops (i.e., he can plant the same crop on all 200 acres or he can plant all three crops in different proportions). Find the profit-maximizing planting strategy. Here is the data for the problem: Crop: Corn, Soybeans, Wheat Bushels/Acre Produced: 300 200 80 Water Required (gal/acre/week): 200 150 125 Person-Hours Labor Required/Acre: 35 40 30",64000,262,linear-notable,Maximum Profit
prob_264,prob_264,"A candy store mixes regular candy and sour candy to prepare two products, regular mix and sour surprise mix. Each kilogram of the regular mix contains 0.8 kg of regular candy and 0.2 kg of sour candy. The profit per kilogram of the regular mix is $3. Each kilogram of the sour surprise mix contains 0.1 kg of regular candy and 0.9 kg of sour candy. The profit per kilogram of the sour surprise mix is $5. The candy store has 80 kg of regular candy and 60 kg of sour candy available. How many kilograms of each type of candy mix should be created to maximize profits?",511.42857200000003,263,linear-notable,The profit
prob_265,prob_265,"An Indian restaurant makes goat and chicken curry. Each bowl of goat curry requires 3 units of goat meat and 6 units of the curry base. Each bowl of chicken curry requires 5 units of chicken meat and 5 units of the curry base. The restaurant has available 1500 units of goat meat and 2000 units of chicken meat. At least 25% of the bowls made must be chicken curry. Since goat curry is more popular, the number of goat curry bowls must be larger than the number of chicken curry bowls. How many of each type of curry bowl should be made to minimize the total amount of curry base used?",17,264,linear-notable,The total amount of curry base used
prob_266,prob_266,"In order to make carbon dioxide, wood is burned using two processes, with a catalyst and without a catalyst. The process with a catalyst requires 10 units of wood and 20 units of oxygen to make 15 units of carbon dioxide. The process without a catalyst requires 15 units of wood and 12 units of oxygen to make 18 units of carbon dioxide. There are 300 units of wood and 300 units of oxygen available. How many of each process should be used to maximize the amount of carbon dioxide produced?",369,265,linear-notable,The total amount of carbon dioxide produced
prob_267,prob_267,"A chair produced by Elm Furniture yields a profit of $43, while every dresser yields a $52 profit. Each week, 17 gallons of stain and 11 lengths of oak wood are available. Each chair requires 1.4 gallons of stain and 2 lengths of oak wood, while each dresser requires 1.1 gallons of stain and 3 lengths of oak wood. Determine the maximum profit.",224,266,linear-notable,The maximum profit
prob_268,prob_268,Now we need to create a cylindrical metal jar with a metal shell. The volume of the jar must be at least 1000 cubic centimeters. The cost of the metal is $10 per square centimeter. Find the dimensions that will minimize the cost of the metal to manufacture the jar.,5535.810442610608,267,nonlinear-notable,The minimum cost of the metal to manufacture the jar
prob_269,prob_269,"A farmer has 140 hectares available to grow tomatoes and potatoes. She prefers to plant more tomatoes than potatoes, but the soil and weather conditions allow her to grow at most twice the amount of tomatoes to that of potatoes. In addition, she must grow at least 20 hectares of tomatoes and at least 30 hectares of potatoes to meet community demands. If the profit per hectare of tomatoes is $350 and the profit per hectare of potatoes is $600, how many hectares of each crop should she plant to maximize profit? What is this profit?",79000,268,linear-notable,The maximum profit is
prob_270,prob_270,"John has a 300 acre berry farm on which to plant blueberries and raspberries. John has $10000 to spend on watering and 575 days worth of labor available. For each acre of blueberries, 6 days worth of labor and $22 in watering costs is required. For each acre of raspberries, 3 days worth of labor and $25 in watering costs is required. The profit per acre of blueberries is $56 and the profit per acre of raspberries is $75. Formulate an LP problem in order to maximize profit.",14325,269,linear-notable,The total profit
prob_271,prob_271,"You can run at a speed of 6 mph and swim at a speed of 3 mph and are located on the shore, 4 miles east of an island that is 1 mile north of the shoreline. How far should you run west to minimize the time needed to reach the island?",0.9553413988436567,270,nonlinear-notable,The minimum time needed to reach the island
prob_272,prob_272,"Mr. Roberts want to invest in the telecom and healthcare industries. He has $100000 to invest. He has decided that the amount invested in telecom be at least three times as much as the amount invested in healthcare. But the money invested in telecom must be at most $70000. If investments in telecom earn 3% and investments in healthcare earn 1%, how much should Mr. Roberts invest in each to maximize profit?",2333.33333,271,linear-notable,Total profit
prob_273,prob_273,"You need to buy cabinets to store your seasonings and spices. A small cabinet takes 4 sq ft of space and costs $70. A large cabinet takes 8 sq ft and costs $120. You have 200 sq ft of space available in your kitchen and a budget of $1400. If the small cabinet can hold 30 seasonings and spices and a large cabinet can hold 40 seasonings and spices, how many of each should you buy to maximize the number of seasonings and spices you can store.",20,272,linear-notable,The number of small cabinets
prob_274,prob_274,"Both chemical A and chemical B need to be added to a mixer for making bread. One unit of chemical A takes 30 seconds to be effective while one unit of chemical B takes 45 seconds to be effective. Because chemical A can be dangerous, there has to be at most a third as much chemical A as chemical B in the mixer. If there has to be at least 300 units of chemical A in the mixer and at least 1500 units of total chemicals in the mixer, how many units of each should be added to minimize the total time it takes for the mixed bread to be ready?",61875,273,linear-notable,The total time it takes for the mixed bread to be ready
prob_275,prob_275,"A farmer on an island sends corn to the main land either by ferry or light rail. Each ferry trip can take 20 boxes of corn while each light rail trip can take 15 boxes of corn. Since ferry trips are slow, the number of light rail trip has to be at least 4 times the number of ferry trips. If the farmer wants to send at least 500 boxes of corn, minimize the total number of trips of either type needed.",32,274,linear-notable,The total number of trips
prob_276,prob_276,"An electronics factory manufactures two calculators: solar calculators and finance calculators, using silicon, plastic, and steel. To make a solar calculator, 5 grams of silicon, 4 grams of plastic, and 2 grams of steel are needed. The profit per solar calculator is $12. To make a finance calculator, 3 grams of silicon, 5 grams of plastic, and 3 grams of steel are needed. The profit per finance calculator is $9. Even though the company can sell as many calculators as it produces, there is only 150 grams of silicon, 150 grams of plastic, and 70 grams of steel available. Formulate an LP to maximize profit.",369,275,linear-notable,The maximum profit
prob_277,prob_277,A manufacturer can sell product 1 at a profit of $2/unit and product 2 at a profit of $5/unit. The amount of raw material required to manufacture each product and the setup costs for production are detailed in the following Table. A total of 120 units of raw material are available. Maximize profits. Table (Raw material required for manufacturing and setup costs): | Product Type | Raw Material Required (units per product unit) | Setup Cost (if produced) | | ------------ | --------------------------------------------- | ------------------------ | | Product 1 | 3 | $10 | | Product 2 | 6 | $20 |,80,276,linear-table,The total profit
prob_278,prob_278,"There are two processes, process A and process B, to plate a coin with gold. Process A requires 3 units of gold, 2 wires, and can plate 5 coins. Process B requires 5 units of gold, 3 wires, and can plate 7 coins. There are 500 units of gold and 300 wires available. How many processes of each type should be run to maximize the total number of coins that can be plated?",750,277,linear-notable,The total number of coins that can be plated
prob_279,prob_279,"Dorian Auto is considering manufacturing three types of autos: compact, midsize, and large. The resources required for, and the profits yielded by, each type of car are shown in Table: steel required (1.5tons, 3tons, 5tons), labor required (30 hours, 40 hours, 25 hours), Profit yielded ($) (2,000, 3,000, 4,000). Currently, 10,000 tons of steel and 120,000 hours of labor are available. For production of a type of car to be economically feasible, at least 1,000 cars of that type must be produced. Formulate an LP to maximize Dorian's profit.",9666000,278,linear-table,The maximum profit
prob_280,prob_280,"A banana company sells their bananas in small and large crates. A small crate can hold 20 bananas while a large crate can hole 50 bananas. Since large crates are more manageable, the number of large crates must be at least 1.5 times the number of small crates. However, at least 5 small crates should be used. If the company has available 500 bananas, how many of each crate should the company use to maximize the total number of crates produced?",13,279,linear-notable,The total number of crates produced
prob_281,prob_281,"A renewable energy company is planning to install three types of solar power plants: large-scale, medium-scale, and small-scale. The company needs to decide how many of each type of plant to build and how much capital to invest in each type of plant. The efficiency of energy production varies by plant size, and the cost of installation also differs. The company has a total capital budget of $1,000,000 for investment in solar plants. Due to zoning regulations, the company can only build a maximum of 5 large-scale plants. The total number of plants (regardless of size) must not exceed 20. The daily energy output of each type of plant is proportional to the capital invested in that plant. The large-scale plants have an efficiency of 1000 kWh per day per $60,000 invested, the medium-scale plants have an efficiency of 700 kWh per day per $50,000 invested, and the small-scale plants have an efficiency of 500 kWh per day per $30,000 invested. The company wants to maximize the total daily energy output.",16666.666666666668,280,nonlinear-notable,Total Daily Energy Output
prob_282,prob_282,A bank can build small and large branches to serve their customers. A small branch can serve 50 customers per day and requires 10 bank tellers. A large branch can serve 100 customers per day and requires 15 bank tellers. The bank has available 200 bank tellers and needs to be able to serve at least 1200 customers per day. How many of each branch size should they build to minimize the total number of branches needed?,12,281,linear-notable,The total number of branches
prob_283,prob_283,"A milk tea shop owner would like to sell two different milk teas: black milk tea and matcha milk tea. Each contains both milk and honey. A bottle of black milk tea contains 600 grams of milk and 10 grams of honey, whereas a bottle of matcha milk tea contains 525 grams of milk and 5 grams of honey. The profit from each bottle of black milk tea sold is $7.5 and the profit from each bottle of matcha milk tea sold is $5. If his total production must not exceed his available stock of 30000 grams of milk and 500 grams of honey, how many bottles of each type of milk tea should be made to maximize profits?",375,282,linear-notable,The maximum profit
prob_284,prob_284,"A city is planning to build three types of public facilities: parks, libraries, and sports centers. The city council needs to decide how many of each type of facility to build and how many staff members to allocate to each facility. The goal is to maximize the overall utility of these facilities to the citizens. The utility of a library is calculated as 150 times the number of staff members per library. The utility of a sports center is calculated as 200 times the number of staff members per sports center. The city council wants to maximize the total utility of all facilities. The city has a budget of $10,000 to spend on staffing for these facilities. The total number of facilities cannot exceed 50 due to zoning regulations. The city has a maximum of 200 staff members available for allocation. The utility of a park is calculated as 100 times the number of staff members per park.",40000,283,nonlinear-notable,Total Utility
prob_285,prob_285,"A man only eats vegetable and fruits. A serving of vegetables contains 2 units of vitamins and 3 units of minerals. A serving of fruit contains 4 units of vitamins and 1 unit of minerals. He wants to eat at least 20 units of vitamins and 30 units of minerals. If vegetables cost $3 per serving and fruits cost $5 per serving, how many servings of each should he eat to minimize his cost?",30,284,linear-table,The total cost
prob_286,prob_286,"A school is organizing a field trip to a science center and wants to hire small buses and large buses. A small bus can carry 20 students while a large bus can carry 50 students. The school needs to provide transportation for at least 500 students. In addition, since the parking lot is rather small, a maximum of 20% of the buses can be large buses. How many of each type of bus should be hired to minimize the total number of buses?",20,285,linear-notable,The total number of buses
prob_287,prob_287,"A drug company is making pain killers and sleeping pills using two processes, process 1 and process 2. Process 1 produces 35 units of pain killers and 12 units of sleeping pills per hour. Process 2 produces 50 units of pain killers and 30 units of sleeping pills per hour. Process 1 requires 50 units of preliminary material while process 2 requires 60 units of preliminary material. The drug company has available 2000 units of preliminary material and must make at least 1200 units of pain killers and 1200 units of sleeping pills. How many of each process should be run to minimize the total time needed?",40,286,linear-notable,The total time
prob_288,prob_288,"A market owner wants to start a jam business. He can either sell one unit of jam to customers in a set of small packets or jugs. A set of small packets can hold 1000 ml of jam while a jug can hold 1250 ml of jam. Since a set of small packets are more expensive to make, at least three times as many jugs must be used than sets of small packets. On the other hand, at least 3 sets of small packets should be filled. If the market owner has 65000 ml of jam, how many sets of small packets or jugs should be selected to maximize the total number of units that he can sell to his customers?",54,287,linear-notable,The total number of units that can be sold
prob_289,prob_289,"A candy company is making peach flavored candy and cherry flavored candy. Each pack of peach flavored candy requires 3 units of peach flavoring and 5 units of special syrup. Each pack of cherry flavored candy requires 5 units of cherry flavoring and 4 units of special syrup. The company has available 3000 units of peach flavoring and 4000 units of cherry flavoring. Peach candy is much more popular and thus the number of peach candy packs must be larger than the number of cherry candy packs. In addition, at least 30% of the pack must be cherry flavored. How many of each should be made to minimize the total amount of special syrup used?",0,288,linear-notable,The total amount of special syrup used
prob_290,prob_290,"The number of employees needed in a post office varies depending on the day of the week, as shown in the following Table. Employees work five consecutive days and have the next two days off. It becomes necessary to organize groups of employees to work in different shifts, so that the number of employees required is satisfied every day of the week. The objective is to employ the minimum number of workers. Table (The number of employees needed each day of the week): | Day of the Week | Number of Employees Needed | | --------------- | -------------------------- | | Monday | 15 | | Tuesday | 13 | | Wednesday | 15 | | Thursday | 18 | | Friday | 14 | | Saturday | 16 | | Sunday | 10 |",22,289,linear-table,The minimum number of workers needed is
prob_291,prob_291,"A bakery bakes bagels and croissants. A batch of bagels can be made using 2 hours of oven time and 0.25 hours of pastry chef time. A batch of croissants is more complicated, so while they take 1 hour of oven time, they take 2 hours of pastry chef time. In a day, the bakery has at most 70 hours available for the oven and 32 pastry chef hours available. Using all the available capacity, what is the maximum profit the bakery can generate assuming the profit per batch is $20 and $40 respectively for a batch of bagels and a batch of croissants.",1060,290,linear-notable,The maximum profit is
prob_292,prob_292,"Out of a stock of three electronic components A,B and C given as 200, 120 and 150 respectively, it is required to produce two types of circuits. Circuit type 1 requires 20 resistors,10 transistors and 10 capacitors, while printed circuit type 2 requires 10 resistors, 20 transistors and 30 capacitors. If a type 1 circuit sells at Gh.5 cedis each and type 2 circuit at Gh.12 cedis each. Advice management about how many of each type should be made to get the maximum financial returns algebraically.",66,291,linear-notable,The maximum financial returns
prob_293,prob_293,"Forest Paper makes two types of products: graph paper and music paper. Each type of paper requires the use of two machines, a printing machine and a scanning machine. It takes 3 minutes on the printing machine and 5.5 minutes on the scanning machine to make a ream of graph paper. On the other hand, it takes 1.5 minutes on the printing machine and 3 minutes on the scanning machine to make a ream of music paper. Each machine is available for a maximum of 350 minutes per day. The company sells a package of graph paper at a profit of $4 and a package of music paper at a profit of $2.5. The company can sell all the paper it makes. How many reams of each type should the company produce in a day in order to maximize profit? What is that profit?",290.5,292,linear-notable,The maximum profit
prob_294,prob_294,"A travelling salesman only eats ramen and fries. Each pack of ramen contains 400 calories, 20 grams of protein, and 100 mg of sodium. Each pack of fries contains 300 calories, 10 grams of protein, and 75 mg of sodium. Since fries are easier to eat while driving, at most 30% of his meals can be ramen. The salesman wants to ensure he eats at least 3000 calories and 80 grams of protein. How many of each should he eat to minimize his sodium intake?",150,293,linear-notable,The total sodium intake
prob_295,prob_295,"A makeup company hand fills perfume and cologne bottles. Each perfume bottle takes 2 minutes to fill and each cologne bottle takes 2.5 minutes to fill. The company must fill at least 60 perfume bottles and at least 40 cologne bottles. The company has 700 minutes available. If the profit per perfume bottle is $50 and the profit per cologne bottle is $60, how many of each should be filled in order to maximize profit?",17400,294,linear-notable,Total profit
prob_296,prob_296,"A food manufacturer wishes to mix pork and chicken to create sausages. The mixture needs to contain at least 10 units of protein and 15 units of fat. Pork costs $40 per kg and chicken costs $50 per kg. Per kilogram, pork contains 2 units of protein and 4 units of fat. Per kilogram, chicken contains 3 units of protein and 2 units of fat. Determine the minimum cost of the mixture.",187.5,295,linear-notable,The minimum cost of the mixture
prob_297,prob_297,"There is only 3000 grams of black tea available to make earl grey and English breakfast teabags. Each earl grey teabag requires 25 grams of black tea while each English breakfast teabag requires 20 grams of black tea. Due to demand, at least 4 times the amount of earl grey teabags are needed than English breakfast. However, at least 20 English breakfast teabags need to be made. If the profit per earl grey teabag is $0.30 and the profit per English breakfast teabag is $0.25, how many of each should be made to maximize profit?",36.25,296,linear-notable,The total profit
prob_298,prob_298,Find the dimensions of the closed cylinder volume V = 16π that has the least amount of surface area.,75.39822,297,nonlinear-notable,The surface area of the cylinder
prob_299,prob_299,"We want to build a box. The base length of the box should be 6 times the base width. The volume of the box should be at least 20 cubic inches. The cost of the material of the sides is $3 per square inch, and the cost of the top and bottom is $15 per square inch. Determine the dimensions of the box that will minimize the cost.",287.7028115678059,298,nonlinear-notable,The minimum surface area of the box:
prob_300,prob_300,"A clinical firm has two factories, a northern factory and a western factory, where they make expensive anti-itch injections and topical cream. Every hour, the northern factory makes 800 g of anti-itch injections and 700 g of topical cream. Every hour, the western factory makes 650 g of anti-itch injections and 750 g of topical cream. The northern factory requires 40 units of plastic per hour while the western factory requires 35 units of plastic to manufacture the packaging. The clinical firm has available 60,000 units of plastic. Further, they must make at least 800,000 g of anti-itch injections and 700,000 g of topical cream. How many hours should each factory be run to minimize the total time needed?",1000,299,linear-notable,The total time needed
prob_301,prob_301,A landscape architect plans to enclose a 3000 square foot rectangular region in a botanical garden. She plans to use shrubs costing $25 per foot along three sides and fencing costing $10 per foot along the fourth side. What dimensions of the rectangular region will result in the least possible cost?,4582.57569495584,300,nonlinear-notable,The least possible cost
prob_302,prob_302,"A company is deciding where to promote their product. Some options include z-tube, soorchle engine, and wassa advertisements. The cost for each option and the number of viewers they each attract is given. On z-tube, each ad costs $1000 and attracts 400,000 viewers. On soorchle, each ad costs $200 and attracts 5,000 viewers. On wassa, each ad costs $100 and attracts 3,000 viewers. Soorchle limits the number of advertisements from a single company to fifteen. Moreover, in order to balance the advertising among the three types of media, at most a third of the total number of advertisements should occur on wassa. And at least 5% should occur on z-tube. The weekly advertising budget is $10000. How many advertisements should be run in each of the three types of media to maximize the total audience?",4000000,301,linear-notable,The total audience
prob_303,prob_303,You need to construct a rectangular garden. You want to enclose a garden with three sides of fencing and the house as the fourth side. You have 100 feet of fencing material. Determine the dimensions that will maximize the area of the garden.,1250,302,nonlinear-notable,The area of the garden
prob_304,prob_304,A young boy is trying to grow taller by drinking milk and eating vegetables. He wants to get a minimum of 100 units of calcium and 50 units of iron per day. A glass of milk costs $1 and contains 40 units of calcium and 25 units of iron. A plate of vegetables costs $2 and contains 15 units of calcium and 30 units of iron. How many of each should he consume to minimize his cost?,3,303,linear-table,Total cost
prob_305,prob_305,"A bakery has 5 different ovens for baking cakes. The owner needs to assign workers to each oven. The bakery produces 2 types of cakes in the 5 ovens. The production rates for each type of cake per worker per hour on each oven are given in the following Table. | Oven | Cake 1 Production Rate | Cake 2 Production Rate | |------|------------------------|------------------------| | 1 | 15 units | 20 units | | 2 | 20 units | 25 units | | 3 | 25 units | 30 units | | 4 | 30 units | 35 units | | 5 | 35 units | 40 units | The bakery needs to produce at least 200 units of cake 1 and at least 300 units of cake 2. The five ovens can only be opened or closed at the same time. The bakery has a total of 40 workers available. Each oven can be utilized by up to 15 workers at a time. The objective is to determine the minimum production time to meet the daily demand, which is defined as the maximum of the production times required for each type of cake.",0.21052631578947364,304,nonlinear-table,Minimum Production Time
prob_306,prob_306,"An investor has $70,000 to divide among several instruments. Municipal bonds have an 8.5% return, CDs a 5% return, t-bills a 6.5% return, and growth stock 13%. The following guidelines have been established: 1. No more than 20% in municipal bonds. 2. Investment in CDs should not exceed the other three alternatives. 3. At least 30% invested in t-bills and CDs. 4. More should be invested in CDs and t-bills than in municipal bonds and growth stocks by a ratio of 1.2 to 1 5. All $70,000 should be invested. to maximize the profit.",6618.1818299999995,305,linear-notable,Total Profit
prob_307,prob_307,"A landscaper has 100 square feet of grass land in a customer’s backyard where they need to cut grass using either a heavy-duty yard machine or a gas lawn mower. For each square foot of land, the heavy-duty yard machine requires 2 seconds while the gas lawn mower takes 5 seconds. Per square foot, the heavy-duty yard machine produces 12 units of pollution and requires 3 units of fuel. Conversely, the gas lawn mower generates 10 units of pollution for each square foot and requires 2 units of fuel. There are 450 units of fuel available and the landscaper can produce no more than 2000 units of pollution. For how many square feet should each machine be used to minimize the time required to cut this customer’s backyard?",200,306,linear-notable,Total time required (seconds)
prob_308,prob_308,"A meat factory makes burgers and hot-dogs. Each burger requires 3 units of meat and 2 unit of binding agent. Each hot-dog requires 2 units of meat and 1 unit of binding agent. The factory has 2000 units of meat and 1800 units of binding agent available. If the revenue per burger made is $0.30 and the revenue per hot-dog made is $0.20, how many of each should be made to maximize revenue?",200,307,linear-notable,The total revenue
prob_309,prob_309,"A manufacturing company is planning to produce four types of products: ProductA, ProductB, ProductC, and ProductD. They need to decide how many units of each product to produce in the next month to optimize their profit. The company has a total production capacity of 1000 units for the month. Due to market demand, the company must produce at least 100 units of ProductA and no more than 200 units. The company has a budget of $50,000 for production costs for the month. The profit per unit for ProductA is $50, for ProductB is $70, for ProductC is $90, and for ProductD is $110. However, the production cost per unit increases non-linearly with the number of units produced due to economies of scale. Specifically, the production cost per unit for ProductA is $30 + (ProductAUnits^2)/1000, for ProductB is $40 + (ProductBUnts^2)/1000, for ProductC is $50 + (ProductCUnits^2)/1000, and for ProductD is $60 + (ProductDUnits^2)/1000. The company wants to maximize the total net profit.",10382.436,308,nonlinear-notable,Total Net Profit
prob_310,prob_310,"Glueco produces three types of glue on two different production lines. Each line can be utilized by up to seven workers at a time. Workers are paid $500 per week on production line 1, and $900 per week on production line 2. A week of production costs $1,000 to set up production line 1 and $2,000 to set up production line 2. During a week on a production line, each worker produces the number of units of glue shown in the following Table. Each week, at least 120 units of glue 1, at least 150 units of glue 2, and at least 200 units of glue 3 must be produced. Minimize the total cost of meeting weekly demands. Table (The number of units of glue produced by each worker on each production line during a week): | Glue Type | Production Line 1 | Production Line 2 | | ---------- | ----------------- | ----------------- | | Glue 1 | 20 | 50 | | Glue 2 | 30 | 35 | | Glue 3 | 40 | 45 |",5900,309,linear-table,The total cost
prob_311,prob_311,"A pizza palace is going to purchase pizza ovens. There are two models available. Model A can make 10 pizzas per cycle, requires 80 grams of fuel per cycle, and costs $10000. Model B can make 8 pizzas per cycle, requires 70 grams of fuel per cycle, and costs $8000. The pizza palace must make at least 100 pizzas per cycle and use at most 1000 grams of fuel per cycle. How many of each model pizza oven should they purchase to minimize costs?",100000,310,linear-notable,Total cost
prob_312,prob_312,We need to build a box with a square base and no top. We have 45 square meters of material. We want to maximize the volume of the box. Determine the dimensions of the box that will maximize the enclosed volume.,29.047375266161364,311,nonlinear-notable,The maximum volume of the box
prob_313,prob_313,"Two paints of different quality, cheap and expensive, have quality ratings of 50 and 90, respectively. The cheap paint costs $0.30 per liter while the expensive paint costs $1.50 per liter. In order to paint his fence, John wants to use a mix of paint with a quality of at least 80. This ensures that the paint on the fence will withstand a few storms. What blend of the two paints should he mix in order to minimize his cost? [Hint: Let x be the fraction of each liter that is cheap paint and y be the fraction that is expensive paint.]",1.2,312,linear-notable,The minimized cost
prob_314,prob_314,"A fire department employs regular and emergency fire fighters. A regular fire fighter works 10 hours per shift and earns $300. An emergency fire fighter works 6 hours per shift and earns $100. Due to wildfires in the region, the fire department needs at least 300 hours of fire fighter time. If the fire department has a budget of $7000, how many of each should the fire department hire to minimize the total number of fire fighters?",40,313,linear-notable,The total number of fire fighters
prob_315,prob_315,"A window consists of a rectangular piece of clear glass with a semicircular piece of colored glass on top; the colored glass transmits only 1/2 as much light per unit area as the the clear glass. If the distance from top to bottom (across both the rectangle and the semicircle) is 2 meters and the window may be no more than 1.5 meters wide, find the dimensions of the rectangular portion of the window that lets through the most light.",2.758572988826752,314,nonlinear-notable,The maximum light transmitted
prob_316,prob_316,"An international goods exporter uses ships and planes to transport goods. A ship can take 40 containers worth of goods and uses 500 liters of fuel per trip. A plane can take 20 containers worth of goods and uses 300 liters of fuel per trip. The company needs to transport at least 500 containers worth of goods. In addition, there can be at most 10 plane trips made and a minimum of 50% of the trips made must be by ship. How many of each trip should be made to minimize the total amount of fuel consumed?",6300,315,linear-notable,Total fuel consumed (liters)
prob_317,prob_317,"Due to an accident, at least 550 locals must be moved across a lake. They can either be transported over the lake by a kayak or a motorboat. Kayaks can transport 4 people every trip and motorboats can transport 5 people every trip. Kayaks take 5 minutes per trip whereas motorboats take 3 minutes per trip. Due to the limited number of motorboats available to the locals, there can be at most 25 motorboat trips and at least 75% of the trips should be by kayak. How many of each transportation method should be used to minimize the total amount of time needed to transport all the locals?",610,316,linear-notable,The total time needed to transport all the locals
prob_318,prob_318,"A gem factory has two drills, a high intensity one and a low intensity one. Each day, the high intensity drill can process 50 gems and requires 50 units of water to dissipate heat. Each day, the low intensity drill can process 30 gems and requires 20 units of water to dissipate heat. Each day the factory must process 800 gems and they have available 700 units of water. Since the high intensity drill produces a lot of noise pollution, at most 40% of the drills can be high intensity ones. Further, at least 10 should be low intensity drills. How many of each drill should be used to minimize the total number of drills needed?",22,317,linear-notable,Total number of drills needed
prob_319,prob_319,"A manufacturing company produces three types of electronic devices: smartphones, tablets, and laptops. The company has four different production lines, each with varying efficiency and capacity. The productivity rates for each device on each production line are given in the following Table. | Production Line | Smartphones per Worker per Hour | Tablets per Worker per Hour | Laptops per Worker per Hour | |-----------------|--------------------------------|------------------------------|-----------------------------| | 1 | 10 | 5 | 3 | | 2 | 8 | 6 | 4 | | 3 | 6 | 7 | 5 | | 4 | 5 | 8 | 6 | The company needs to produce at least 1000 smartphones, 800 tablets, and 600 laptops daily. The production lines can only be operated or shut down at the same time. Determine the minimum number of hours needed to meet the daily demand. The company has a total of 50 workers available. Each production line can be staffed by up to 20 workers at a time. The company wants to ensure that at least one production line is fully staffed (20 workers) if it is operational.",20,318,nonlinear-table,Workers on Production Line 1
prob_320,prob_320,"A mail delivery service in an island village delivers mail by regular and speed boats. A regular boat can carry 20 pieces of mail per trip and uses 10 liters of gas. A speed boat can carry 30 pieces of mail per trip and uses 20 liters of gas. There can be at most 20 regular boat trips. Since customers want their mail as fast as possible, at least 50% of the trips must be made by speed boats. If the service needs to deliver 1000 pieces of mail, how many trips of each should be made to minimize the total amount of gas consumed?",600,319,linear-notable,The total amount of gas consumed
prob_321,prob_321,"An autobody shop needs to purchase two types of car jacks, an automatic electric one, or a gas-powered one. The automatic electric one can process 5 cars every hour and uses 6 units of electricity whereas the gas-powered one can process 4 cars each hour using 7 units of gas. Since there is a limit to how many automatic electric ones there can be due to the limited number of power outlets, the shop must use less than 15 automatic electric ones. The shop can use at most 50 units of electricity and 80 units of gas. How many of each type of jack should the shop purchase to maximize the amount of cars processed every hour?",8,320,linear-notable,The number of automatic jacks
prob_322,prob_322,"A company is considering opening warehouses in four cities: New York, Los Angeles, Chicago, and Atlanta. Each warehouse can ship 100 units per week. The weekly fixed cost of keeping each warehouse open is $400 for New York, $500 for Los Angeles, $300 for Chicago, and $150 for Atlanta. Region 1 of the country requires 80 units per week, region 2 requires 70 units per week, and region 3 requires 40 units per week. The costs (including production and shipping costs) of sending one unit from a warehouse to a region are shown in the following Table. We want to meet weekly demands at minimum cost, subject to the preceding information and the following restrictions: 1. If the New York warehouse is opened, then the Los Angeles warehouse must be opened. 2. At most two warehouses can be opened. 3. Either the Atlanta or the Los Angeles warehouse must be opened. Formulate an LP that can be used to minimize the weekly costs of meeting demand. Table (Costs of sending one unit from a warehouse to a region): | From / To ($) | Region 1 | Region 2 | Region 3 | | ------------- | -------- | -------- | -------- | | New York | 20 | 40 | 50 | | Los Angeles | 48 | 15 | 26 | | Chicago | 26 | 35 | 18 | | Atlanta | 24 | 50 | 35 |",4750,321,linear-table,The weekly cost of meeting demand is
prob_323,prob_323,"Comp-Max Computers assembles computers and computer equipment. It is about to start production of three new types of computers, called model X, Y, and Z, respectively. Each type will require assembly time, inspection time, and storage space. The availability of each of these resources is limited. Specifically, available assembly time is 400 hours, available inspection time is 300 hours, and available storage space is 500 cubic feet (about 14.2 ms). The amount of each resource required for the different products is reported in the table below. For model X, assembly time is 1 hours, inspection time 2 hours, storage space 3 cubic feet. For model Y, assembly time is 2 hours, inspection time 3 hours, and storage space 4 cubic feet. For model Z, assembly time is 3 hours, inspection time 4 hours, and storage space 5 cubic feet. Model X earns a profit of $100 per unit, model Y earns a profit of $125 per unit, and model Z earns a profit of $200 per unit. Due to some prior agreements with customers, Comp-Max must produce at least 12 model X computers. In addition, management requires that the fraction of total production made up of model Z computers must not exceed 25%. Help the manager determine the quantity of each model to produce in order to maximize profit.",15000,322,linear-table,The maximum profit
prob_324,prob_324,"A municipality hires full-time and part-time staff to deliver mail. Part-time staff works 15 hours per week and gets paid 450 dollars whereas a full-time staff works 40 hours every week and gets paid 1280 dollars for that week. Since it is the week leading up to a holiday, planning ahead, the municipality needs 1000 hours of mail staff labor. The municipality has a budget of 31500 dollars for mail delivery for this season. How many of each type of staff should the municipality hire to decrease the total number of staff?",40,323,linear-notable,The total number of staff hired
prob_325,prob_325,"A farmer wants to mix his animal feeds, Feed A and Feed B, in such a way that the mixture will contain a minimum of 30 units of protein and 50 units of fat. Feed A costs $100 per kilogram and contains 10 units of protein and 8 units of fat. Feed B costs $80 per kilogram and contains 7 units of protein and 15 units of fat. Determine the minimum cost of the mixture.",327.65957199999997,324,linear-notable,The minimum cost of the mixture
prob_326,prob_326,"Glueco has 5 different production lines for glue. He needs to assign workers to each production line. On production line 1, each worker produces 20 units of glue 1, 30 units of glue 2, and 40 units of glue 3 during a hour. On production line 2, each worker produces 50 units of glue 1, 35 units of glue 2, and 45 units of glue 3 during a hour. On production line 3, each worker produces 30 units of glue 1, 40 units of glue 2, and 50 units of glue 3 during a hour. On production line 4, each worker produces 40 units of glue 1, 45 units of glue 2, and 50 units of glue 3 during a hour. On production line 5, each worker produces 25 units of glue 1, 35 units of glue 2, and 45 units of glue 3 during a hour. Now, Glueco needs to produce at least 120 units of glue 1, at least 150 units of glue 2, and at least 200 units of glue 3. The five production lines can only be opened or closed at the same time. Please determine the minimum time to meet the weekly demand. There are total 80 workers available. Each line can be utilized by up to 20 workers at a time. Glueco produces 3 types of glue on the 5 production lines.",0.05263157894736842,325,nonlinear-notable,Minimum Time to Meet Weekly Demand
prob_327,prob_327,"A company plans to construct three types of production lines, each producing a certain type of product (Sugar, Flour, and Oil). The company needs to determine the number of production lines to construct for each product, and the number of workers to assign to each type of production line. The material cost per unit, selling price per unit, and production number per worker per day for each product are given in the following Table. | Product | Material Cost per Unit | Selling Price per Unit | Production Number per Worker per Day | |---------|------------------------|------------------------|--------------------------------------| | Sugar | 5$ | 10$ | 100 units | | Flour | 7$ | 15$ | 80 units | | Oil | 9$ | 20$ | 60 units | The company wants to maximize the total profit per day. The company has a total of 100 workers available. The company has a budget of $5000 for material costs per day. The company has a production capacity of 1000 units in terms of the number of units it can produce per day.",10560,326,nonlinear-table,Total Profit
prob_328,prob_328,"A farmer is planning to plant three types of crops: Wheat, Corn, and Soybeans. The farmer needs to decide how many acres to allocate to each crop, as well as how many hours of labor to invest in each crop per acre. For Corn, the expected yield per acre is 700 kg, the price per kg is $0.15, and the labor cost per hour is $12. For Soybeans, the expected yield per acre is 400 kg, the price per kg is $0.25, and the labor cost per hour is $8. The farmer wants to maximize the net profit per acre. The farmer has a total of 100 acres available for planting. The farmer has a total of 500 hours of labor available. The farmer wants to ensure at least 30 acres are dedicated to Wheat. The hours of labor per acre for each crop should be at least 1. For Wheat, the expected yield per acre is 500 kg, the price per kg is $0.20, and the labor cost per hour is $10.",9210,327,nonlinear-notable,Total Profit
prob_329,prob_329,"Dorian Auto is considering manufacturing three types of autos: compact, midsize, and large. The resources required for, and the profits yielded by, each type of car are shown in the following Table. Currently, 10,000 tons of steel and 120,000 hours of labor are available. For production of a type of car to be economically feasible, at least 1,000 cars of that type must be produced. Formulate an LP to maximize Dorian's profit. Table (Resources required and profits yielded for each type of car): | Auto Type | Steel Required (tons) | Labor Required (hours) | Profit Yielded ($) | |-----------|-----------------------|------------------------|--------------------| | Compact | 1.5 | 30 | 2,000 | | Midsize | 3 | 40 | 3,000 | | Large | 5 | 25 | 4,000 |",9666000,328,linear-table,The maximum profit
prob_330,prob_330,"There is 1000 mg of gold available that is needed to make long and short cables. Long cables require 10 mg of gold while short cables require 7 mg of gold. Because of their compact size, at least 5 times the number of short cables are needed than the long cables. In addition, there needs to be at least 10 long cables made. If each long cable sold results in a $12 profit and each short cable sold results in a $5 profit, how many of each type of cable should be made to maximize profit?",819,329,linear-notable,The maximum profit
prob_331,prob_331,A pet store feeds their dogs by making a mixture from two bags. Bag A contains 3 units of protein and 4 units of calcium per bag. Bag B contains 4 units of protein and 2 units of calcium per bag. The mixture must contain at least 30 units of protein and 35 units of calcium. Bag A costs $3.50 per bag and Bag B costs $2.50 per bag. Formulate an LP to minimize the cost for the mixture.,33,330,linear-notable,The cost of the mixture
prob_332,prob_332,Find the volume of the largest right circular cylinder that fits in a sphere of radius 1.,2.418400326515517,331,nonlinear-notable,The maximum volume of the cylinder
prob_333,prob_333,"Sleep inducing medicine and anti-inflammatory medicine is found in two pills, pill A and pill B. One pill A contains 3 units of sleep inducing medicine and 5 units of anti-inflammatory medicine. One pill B contains 6 units of sleep-inducing medicine and 1 unit of anti-inflammatory medicine. The cost per pill for pill A is $4 and the cost per pill for pill B is $5. A patient must consume these two pills to get at least 40 units of sleep-inducing medicine and 50 units of anti-inflammatory medicine. Formulate a LP to minimize the cost for the patient.",50,332,linear-notable,The total cost for the patient
prob_334,prob_334,"A corn farmer sends his corn to the city by either tractor or car. A tractor can carry 40 kg of corn while a car can carry 20 kg of corn. Since tractors are very slow, the number of cars used has to be at least twice the number of tractors used. If at least 500 kg of corn need to be sent to the city, minimize the total number of tractors and cars needed.",19,333,linear-notable,The total number of vehicles
prob_335,prob_335,"A water salesman collects water from a glacier and transports it in either small or large kegs. A small keg can hold 40 liters of water while a large keg can hold 100 liters of water. The salesman has available at most 30 small kegs and 10 large kegs. Since small kegs are easier to carry, at least twice as may small kegs must be used than large kegs. If he can transport at most 25 kegs total and at least 5 kegs must be large, how many of each should he use to maximize the total amount of glacial water he can transport?",1480,334,linear-notable,The total liters of glacial water transported
prob_336,prob_336,"Your Lego furniture company produces Tables and Chairs. You are given the starting inventory, selling price, and Bill of Materials for each product. Your task is to determine the optimal number of Tables and Chairs to build in order to maximize revenue, while adhering to the constraint that you must produce 4 chairs for every table. The following Table provides the details of the materials required and the revenue for each product. Large wood inventory is 300 and small wood inventory is 500. The goal is to calculate the revenue generated by your production plan, rounded to the nearest whole dollar. Table (Bill of Materials and Revenue): | Item | Large Wood Required | Small Wood Required | Revenue per Item | |------------|---------------------|---------------------|------------------| | Table | 3 | 2 | $35 | | Chair | 1 | 4 | $29 |",4077,335,linear-table,The total revenue generated
prob_337,prob_337,"An extremely large ski resort is looking into purchasing two types of ski lifts, a densely-seated one and a loosely-seated one. The densely-seated ski lift is able to bring 45 guests up the slopes every minute whereas the loosely-seated ski lift can transport 20 guests every minute. The densely-seated ski lift uses 30 units of electricity and the loosely-seated lift uses 22 units of electricity. There must be at least five loosely-seated ski lifts because they move slower and are friendlier for beginners. The ski resort needs at least 1000 guests every minute to make a profit and has available 940 units of electricity. How many of each type of ski lifts should they plan to install to minimize the total number of ski lifts needed?",25,336,linear-notable,Total number of ski lifts
prob_338,prob_338,"A city is planning to install three types of renewable energy facilities: solar, wind, and hydro. The city needs to decide the number of each type of facility to build and the amount of land required for each facility. The goal is to maximize the total energy output while considering the available land and budget constraints. The energy output per facility and the cost per facility are given in the following Table. | Facility Type | Energy Output per Facility | Cost per Facility | |---------------|---------------------------|------------------| | Solar | 500 kWh | $10,000 | | Wind | 700 kWh | $15,000 | | Hydro | 1000 kWh | $20,000 | The city has a total of 100 acres of land available for the installation of these facilities. The city has a budget of $1000,000 for the construction of these facilities. The city aims to have at least 10,000 kWh of energy output per day. The city wants to ensure that at least 100 facility is installed.",50000,337,nonlinear-table,Total daily Energy Output
prob_339,prob_339,Bob wants to design a diet consisting of protein bars and noodles. Assume that each serving of noodles costs $5 and contains 600 calories and 1.5 grams of protein. Assume that each serving of protein bar costs $2.5 and contains 250 calories and 5 grams of protein. He's interested in spending as little money as possible but he wants to ensure that his meals have at least 2000 calories and at least 16 grams of protein per day. Formulate a linear programming problem that will help minimize the cost of the diet.,20,338,linear-notable,The cost of the diet
prob_340,prob_340,"A toy store decides to deliver gifts using two shipping companies, a new one and an old one. The new company can deliver 50 gifts per trip while the old company can deliver 70 gifts per trip. The new company uses 30 liters of diesel per trip while the old company uses 40 liters of diesel per trip. The toy store needs to deliver at least 1000 gifts. There can be at most 15 trips made by the new company. In order to make sure that the old company does not go out of business, at least 40% of all trips must be made by the old company. How many trips should each company make to minimize the total amount of diesel used?",580,339,linear-notable,The total amount of diesel used
prob_341,prob_341,"Find the dimensions that will minimize the cost of the metal to manufacture a circular cylindrical can of volume, 1000 cubic centimeters. The cost of the metal is $10 per square centimeter.",5535.810442610608,340,nonlinear-notable,The minimum cost of the metal to manufacture the jar
prob_342,prob_342,"A crepe store sells chocolate and peanut butter crepes. A chocolate crepe requires 3 units of chocolate spread and 6 units of crepe mix. A peanut butter crepe requires 4 units of peanut butter spread and 7 units of crepe mix. Recently, the peanut butter crepe has been more popular and therefore the number of peanut butter crepes made must exceed the number of chocolate crepes made. However at least 25% of the crepes made should be chocolate. The store has available 400 units of chocolate spread and 450 units of peanut butter spread. How many of each should the store make to minimize the total amount of crepe mix needed?",1,341,linear-notable,The number of chocolate crepes
prob_343,prob_343,You need to construct a an open-top box from a piece of cardboard. It should be done by removing a square from each corner of the cardboard and folding up the flaps on each side. The cardboard is 1 meter by 1/2 meter. Find the dimensions of the box with the maximum possible volume.,0.02405645428965656,342,nonlinear-notable,The maximum volume of the box
prob_344,prob_344,"A city is planning to build three types of public facilities: parks, libraries, and sports centers. The city council needs to decide how many of each type of facility to build and how many staff members to allocate to each facility. The goal is to maximize the overall utility of these facilities to the citizens. The utility of each type of facility is calculated based on the number of staff members allocated, as shown in the following Table. | Facility Type | Utility Calculation | |---------------|---------------------| | Parks | 100 * Parks * StaffPerPark | | Libraries | 150 * Libraries * StaffPerLibrary | | Sports Centers| 200 * SportsCenters * StaffPerSportsCenter | The city has a budget of $10,000 to spend on staffing for these facilities. The total number of facilities cannot exceed 50 due to zoning regulations. The city has a maximum of 200 staff members available for allocation.",40000,343,nonlinear-table,Total Utility
prob_345,prob_345,"The government is reworking the pipes to transport water to houses in the area. The water can be transported through wide pipes or narrow pipes. Wide pipes can transport 25 units of water per minute and narrow pipes can transport 15 units of water per minute. Due to logistics, the number of wide pipes can be at most a third the number of narrow pipes. If there needs to be at least 900 units of water transported every minute, and at least 5 wide pipes must be used, minimize the total number of pipes required.",52,344,linear-notable,The total number of pipes
prob_346,prob_346,"A company specializes in blending tea and offers five different blends: Zen, Energy, Relax, Extra, and Premium. They need to determine the quantities of each blend to produce. For Energy, the initial profit per unit is $7. For Relax, the initial profit per unit is $6. For Extra, the initial profit per unit is $8. For Premium, the initial profit per unit is $10. Because of the scale effect, the profits of blends increase linearly according to the scale of production. When the production of each blend exceeds 50 units, the average profit per unit of the blend increases by $0.01. The company wants to maximize the total profit from selling the tea blends. For Zen, the special tea leaves required per unit is 10 g. For Energy, the special tea leaves required per unit is 15 g. For Relax, the special tea leaves required per unit is 12 g. For Extra, the special tea leaves required per unit is 18 g. For Premium, the special tea leaves required per unit is 20 g. The company has a limited supply of special tea leaves (1000 g), which are required for the production of each blend. The market has a demand limit for each blend. For Zen, the demand limit is 200 units. For Energy, the demand limit is 250 units. For Relax, the demand limit is 300 units. For Extra, the demand limit is 150 units. For Premium, the demand limit is 100 units. The company has a production capacity of 650 units in terms of the number of units it can produce. For Zen, the initial profit per unit is $5.",550,345,nonlinear-notable,Total Profit
prob_347,prob_347,"An office company makes desks and drawers. Each desk requires 40 minutes of assembly and 20 minutes of sanding. Each drawer requires 30 minutes of assembly and 10 minutes of sanding. The company has available 4000 minutes for assembly and 3500 minutes for sanding. If the profit per desk is $100 and the profit per drawer is $90, how many of each should the company make to maximize profit?",11980,346,linear-notable,The total profit
prob_348,prob_348,"A candle-making company can move their inventory of candles using freight and air. Freight can transport 5 tons per trip while using air can transport 3 tons per trip. Since freight take longer, the cost for each freight trip is $300 while the cost over air for each trip is $550. The company needs to transport at least 200 tons of candles and they have a budget of $20000. Additionally, due to some urgent orders, at least 30% of tons of candles must be transported through air. There must also be at least 5 trips through freight. How many of trip by each should be scheduled to minimize the total number of trips?",64,347,linear-notable,The total number of trips
prob_349,prob_349,"You need to construct a box with square front and back to send it through the U.S. post office. The sum of the length and girth is at most 108 in. (Girth is the maximum distance around the package perpendicular to the length; for a rectangular box, the length is the largest of the three dimensions.) Find the dimensions of the box with largest volume.",11664,348,nonlinear-notable,The maximum volume of the box
prob_350,prob_350,"A concert organizer has to transport equipment using carts or trolleys. Carts can transport 5 kg/min of equipment and requires 2 workers. Trolleys can transport 7 kg/min of equipment and requires 4 workers. There must be at least 12 trolleys to be used. Additionally, only a maximum of 40% of the transportation can be using trolleys. The organizer has to deliver at a rate of 100 kg/min of equipment. How many of each transportation method should be used to minimize the total number of workers?",100,349,linear-notable,The minimum number of workers required
prob_351,prob_351,"Platinum in combination with palladium has been used as a catalyst in cars and it changes carbon monoxide, which is toxic, into carbon dioxide. An automotive company is comparing two different catalysts, a palladium-heavy catalyst and a platinum-heavy catalyst. The process with a palladium-heavy catalyst requires 15 units of platinum and 25 units of palladium and can perform the conversion to carbon dioxide at a rate of 5 units per second. A platinum-heavy catalyst requires 20 units of platinum and 14 units of palladium and converts to carbon dioxide at a rate of 4 units per second. There are 450 units of platinum and 390 units of palladium available. How many of each catalyst should be used to maximize the amount converted into carbon dioxide?",6,350,linear-notable,The number of palladium-heavy catalysts
prob_352,prob_352,"A company produces four types of gadgets: G1, G2, G3, and G4, and a new type of gadget G5. They need to determine the quantities of each gadget to produce. The revenue per unit, production time per unit, and material cost per unit for each gadget are given in the following Table. | Gadget | Revenue per Unit | Production Time per Unit | Material Cost per Unit | |--------|------------------|--------------------------|------------------------| | G1 | $50 | 2 hours | $20 | | G2 | $60 | 3 hours | $25 | | G3 | $70 | 4 hours | $30 | | G4 | $80 | 5 hours | $35 | | G5 | $90 | 6 hours | $40 | The company only has one production line and can only produce one gadget at a time. The company wants to maximize the profit efficiency (profit per hour of production time). The company has a limited production time of 100 hours. The company has a budget of $5000 for material costs. To meet market demand, the company needs to produce at least 40 gadgets in total.",15,351,nonlinear-table,Profit Efficiency
prob_353,prob_353,A furniture company sells two types of tables – a dinning table and a coffee table. They cost $250 and $150 to make respectively. The company estimates that the total monthly demand of these two types of tables combined will be at most 200 units. The monthly manufacturing budget on tables is $20000. Determine the number of units of each type of tables the company should make to get maximum profit if the profit on each dinning table and coffee table are $200 and $100 respectively.,16000,352,linear-table,The total profit
prob_354,prob_354,"A company is planning to launch five new products (Product A, Product B, Product C, Product D, and Product E) in the market. Each product requires a different level of investment and has varying potential profits and market risks. The profit per unit, market risk, and production cost per unit for each product are given in the following Table. | Product | Profit per Unit | Market Risk | Production Cost per Unit | |---------|-----------------|-------------|--------------------------| | A | $50 | 3% | $20 | | B | $70 | 5% | $30 | | C | $60 | 4% | $25 | | D | $80 | 6% | $40 | | E | $90 | 7% | $50 | The company has a budget of $50,000 for all product launches. The company must invest at least $20,000 in all products combined. The company wants to produce at least 500 units of Product A. The company wants to maximize the Profit-Risk ratio of the investment. (The Profit-Risk ratio is defined as the total profit divided by the total market risk of cost.)",83.33333333333337,353,nonlinear-table,Profit-Risk Ratio
prob_355,prob_355,"A manufacturing company produces three types of electronic components: A, B, and C. The company has four different production lines, each capable of producing these components with varying efficiencies. The company needs to produce at least 1000 units of component A, 800 units of component B, and 1200 units of component C daily. The production lines can only be operated if at least 5 workers are assigned. Please determine the minimum production time to meet the daily demand. The production rates for each component by each worker on different lines are given in the following Table. | Line | Component A | Component B | Component C | |------|-------------|-------------|-------------| | 1 | 10 units/hr | 5 units/hr | 15 units/hr | | 2 | 8 units/hr | 10 units/hr | 12 units/hr | | 3 | 12 units/hr | 6 units/hr | 10 units/hr | | 4 | 15 units/hr | 8 units/hr | 5 units/hr | There are total 50 workers available. Each production line can be utilized by up to 15 workers at a time. Each production line must have at least 5 workers to operate. The objective function is to minimize the maximum production time for components A, B, and C, which is defined as: - The production time for component A: T_A = 1000 / (10 * W1 + 8 * W2 + 12 * W3 + 15 * W4) - The production time for component B: T_B = 800 / (5 * W1 + 10 * W2 + 6 * W3 + 8 * W4) - The production time for component C: T_C = 1200 / (15 * W1 + 12 * W2 + 10 * W3 + 5 * W4) - The objective is to minimize max(T_A, T_B, T_C).",2.1818181818181817,354,nonlinear-table,Minimum Production Time
prob_356,prob_356,Ben is growing apples and pears on his orchard. He has 50 acres available on which he must grow a minimum of 5 acres of apples and a minimum of 10 acres of pears to meet demands. The profit per apple is $2 and the profit per pear is $4. He prefers to grow more pears than apples but limitations in his workforce allow him to grow at most twice the amount of pears as apples. How many of each fruit should Ben grow in order to maximize his profit? What is that profit?,166,355,linear-notable,The total profit
prob_357,prob_357,"A railway company is planning the infrastructure for the city and is considering two types of transportation, trains and trams. Each train can transport 120 people per hour comfortably and each tram can transport 30 people per hour comfortably. Since trains take longer to build, the number of trams must be at least twice the number of trains. If the railway company wants to transport at least 600 people per hour, minimize the total number of transportation units required.",11,356,linear-notable,The total number of transportation units
prob_358,prob_358,"A chemical company uses two tests, a salinity test and a pH test. Each unit of the salinity test requires three probes. Whereas each unit of the pH test requires two probes. The chemical company must perform at least 250 pH tests. In total, at least 400 tests must be performed. Further, because of the importance of the salinity test, there must be at most 1.5 times more pH tests than salinity tests. How many times should each test be performed to minimize the total number of probes used?",1001,357,linear-notable,The total number of probes used
prob_359,prob_359,"A manufacturing company produces three types of products: ProductA, ProductB, and ProductC. The company needs to decide the number of units to produce for each product in the next month. Additionally, the company can invest in automation to increase production efficiency, which affects the cost and production rate of each product. The initial profit per unit of ProductA is $50, but with automation, the profit increases by $5 per unit for every $100 invested in automation. The initial profit per unit of ProductB is $70, and with automation, the profit increases by $7 per unit for every $100 invested in automation. The initial profit per unit of ProductC is $60, and with automation, the profit increases by $6 per unit for every $100 invested in automation. The company aims to maximize the total profit from all products. The production cost for ProductA is $10 per unit, the production cost for ProductB is $15 per unit, and the production cost for ProductC is $20 per unit. The company has a total budget of $50,000 for production and automation investments. The production capacity for the next month is limited to 1,000 units in total. Due to market demand, the company must produce at least 100 units of ProductA and 150 units of ProductB. The increase in profit is linearly proportional to the amount of automation investment for each product.",2304500,358,nonlinear-notable,Total Profit
prob_360,prob_360,"A village delivers mail to nearby villages either by runners or canoers. Runners can carry three bags of mail each time and takes 4 hours. Canoers can carry ten bags of mail each time and takes 2 hours. At most 33% of deliveries can be by canoe. Additionally, the village can spare at most 200 total hours and at least 4 runners must be used. How many of each way to deliver must be used to maximize the total amount of mail that can be delivered?",310,359,linear-notable,The total amount of mail delivered
prob_361,prob_361,"A dietician recommends her client eat blueberries and strawberries to meet her anti-oxidant and mineral requirement. A pack of blueberries contains 3 units of anti-oxidants and 5 units of minerals. A pack of strawberries contains 1 unit of anti-oxidants and 7 units of minerals. The client must get at least 90 units of anti-oxidants and 100 units of minerals. In addition, because blueberries are not in season, the dietician recommend she eats at least 3 times as many packs of strawberries as blueberries. If a pack of blueberries contains 5 grams of sugar and a pack of strawberries contains 7 grams of sugar, how many of packs of each should she consume to minimize her sugar intake?",390,360,linear-notable,The total sugar intake from packs
prob_362,prob_362,"The United Charities annual fund-raising drive is scheduled to take place next week. Donations are collected during the day and night, by telephone, and through personal contact. The average donation resulting from each type of contactis as follows Phone Interview, Personal Interview. Day: Avg Donation: $2.00 (x_1), Avg Donation: $4.00 (x_3). Night: Avg Donation:$3.00 (x_2), Avg Donation $7.00 (x_4). The charity group has enough donated gasoline and cars to make at most 300 personal contacts during one day and night combined. The volunteer minutes required to conduct each type interview are as follows: Phone Interview Time (min.) Personal Interview Time (min.) Day: Minutes: 6 (x_1) Minutes: 15 (x_3). Night: Minutes: 5 (x_2) Minutes: 12 (x_4) The charity has 20 volunteer hours available each day and 40 volunteer hours each night. The chairperson of the fund-raising drive wants to know how many different types of contacts to schedule in a 24-hour period (i.e., 1 day and 1 night) to maximize the total donations.",1840,361,linear-notable,Total donations
prob_363,prob_363,"A company plans to construct three types of production lines, each producing a certain type of product (Sugar, Flour, and Oil). For ease of management, the company decided to have the same number of workers on each production line. The company needs to determine the number of production lines to construct for each product, and the number of workers to assign to each type of production line. The material cost per unit, selling price per unit, and production number per worker per day for each product are given in the following Table. | Product | Material Cost per Unit | Selling Price per Unit | Production Number per Worker per Day | |---------|------------------------|------------------------|--------------------------------------| | Sugar | 5$ | 10$ | 100 units | | Flour | 7$ | 15$ | 80 units | | Oil | 9$ | 20$ | 60 units | The company has a total of 100 workers available. The company has a budget of $5000 for material costs per day. The company has a production capacity of 1000 units in terms of the number of units it can produce per day. The company wants to maximize the total profit per day.",10560,362,nonlinear-table,Total Profit per day
prob_364,prob_364,"A car manufacturing company makes hamburgers and chicken wraps for workers. They need to ensure workers get at least 2200 calories, 50 grams of protein, and 70 grams of carbs. One hamburger costs $6.5 and contains 800 calories, 19 grams of protein, and 20 grams of carbs. One chicken wrap costs $4 and contains 450 calories, 12 grams of protein, and 10 grams of carbs. What is the minimum cost diet that the company can provide for its workers?",23.5,363,linear-notable,The minimum cost
prob_365,prob_365,"A volunteer organization transports voters to the polls on Election Day either by vans or cars. They have vans which can carry 6 people and cars which can carry 3 people. They need to transport at least 200 voters to the polls. In addition, at most 30% of the vehicles can be vans. How many of each vehicle should be used to minimize the total number of cars used?",15,364,linear-notable,The number of vans
prob_366,prob_366,"A recycling company collects recycling from neighborhoods using small and large bins. A small bin requires 2 workers while a large bin requires 5 workers. A small bin can hold 25 units of recycling material and a large bin can hold 60 units of recycling material. The company has available 100 workers. Because most people don't recycle, the number of small bins must be three times the number of large bins. In addition, there must be at least 10 small bins and 4 large bins. How many of each bin type should be used to maximize the total amount of recycling material that can be collected?",1215,365,linear-notable,The total amount of recycling material collected
prob_367,prob_367,A cell phone company is building rural and urban factories. A rural factory can make 100 phones per day and requires 8 managers. An urban factory can make 200 phones per day and requires 20 managers. The company has available 260 managers and must make at least 3000 phones per day. How many of each factory type should be built to minimize the total number of factories?,25,366,linear-notable,The total number of factories
prob_368,prob_368,"A store sells two types of donuts, regular and jelly-filled. The store pays a baker $4 and $6 for each unit of a regular and jelly-filled donut respectively. The store makes a profit of $2 per regular donut and a profit of $3 per jelly-filled donut. In a month, the store owner expects to sell at most 1000 donuts and wants to spend at most $5000 in buying donuts from the bakery. How many of each type of donut should be bought in order to maximize the total monthly profit?",2500,367,linear-notable,The total monthly profit
prob_369,prob_369,A suspicious factory has 100 sq. feet of space. It makes bootleg phones and laptops. Phones require 2 hours of labor and cost $12 for each sq. foot of space allocated for phone production (cost of electricity and equipment). Laptops require 3 hours of labor and cost $15 for each sq. foot of space allocated for laptop production. Phones produce a net revenue of $50 per sq. foot while laptops produce a net revenue of $70 per sq. foot. The factory wants to spend at most $5000 and 2000 hours of labor. What is the optimal factory layout to maximize revenue?,7000,368,linear-notable,The net revenue
prob_370,prob_370,"A landscaper provides 3 landscaping layouts using different amounts of rock, mulch, and grass. He has 1200 units of rock, 700 units of mulch, and 2000 units of grass. A type A layout has 10 units of rock, 7 units of mulch, and 15 units of grass. A type B layout has 5 units of rock, 12 units of mulch, and 10 units of grass. A type C layout has 12 units of rock, 4 units of mulch, and 12 units of grass. The profit is $200 for each type A layout, $175 for each type B layout, and $225 for each type C layout. How many layouts of each type should be used to maximize profit?",24700,369,linear-notable,Total profit
prob_371,prob_371,"A city is planning to build five different types of public facilities: a library, a community center, a park, a sports complex, and a museum. The city council wants to optimize the allocation of resources to maximize the overall utility of these facilities. The utility of each facility is determined by a non-linear function based on the number of facilities built, as shown in the following Table. | Facility | Utility Function | Cost to Build | |----------------|-------------------------------------------|---------------| | Library | U_lib = 100 * Libraries^0.5 | $50,000 | | Community Center | U_cc = 150 * CommunityCenters^0.6 | $75,000 | | Park | U_park = 200 * Parks^0.7 | $100,000 | | Sports Complex | U_sc = 250 * SportsComplexes^0.8 | $125,000 | | Museum | U_museum = 300 * Museums^0.9 | $150,000 | The city has a budget of $500,000 to spend on these facilities. The city has a land constraint that limits the total number of facilities that can be built to a maximum of 5. The city council has a policy that at least one of each type of facility must be built. The city council wants to maximize the total utility of all facilities.",1000,370,nonlinear-table,Total Utility
prob_372,prob_372,"There has been a horrible accident and patients need to be taken to the hospital by either a helicopter or bus. A helicopter can transport 5 patients per trip and takes 1 hour. On the other hand, a bus can transport 8 patients per trip and takes 3 hours. At least 120 patients need to be transported and at least 30% of the trips should be by helicopter. In addition, there can be at most 10 bus trips. How should the patients be taken to minimize the total time to transport the patients?",24,371,linear-notable,The total time to transport the patients
prob_373,prob_373,"A tech company is planning to launch four new software products: AppX, AppY, AppZ, and AppW. They need to decide how many development teams to allocate to each product for the upcoming quarter, as well as how many external contractor teams to hire. The company aims to maximize the average net profit per team (for both company teams and contractor teams). The estimated revenue, development cost for company teams, development cost for external contractors, and marketing cost per team for each product are given in the following Table. | Product | Estimated Revenue per Team | Development Cost per Company Team | Development Cost per External Contractor | Marketing Cost per Team | |---------|----------------------------|-----------------------------------|------------------------------------------|-------------------------| | AppX | $100,000 | $60,000 | $80,000 | $20,000 | | AppY | $150,000 | $80,000 | $100,000 | $30,000 | | AppZ | $200,000 | $100,000 | $120,000 | $40,000 | | AppW | $120,000 | $70,000 | $90,000 | $25,000 | The company has a total of 30 development teams available for the quarter. Due to market research, the company knows that AppX must have at least twice as many development teams as AppY. The company has a budget of $2,500,000 for marketing costs and external contractors for the quarter. The company wants to ensure that each product has at least one team working on it. Due to cooperation agreements, the company should hire at least 9 external contractors in total.",52948.71794871795,372,nonlinear-table,Average Net Profit per Team
prob_374,prob_374,"A jewelry company produces and sells bracelets and rings. The bracelets are hand-crafted by a team who can make at most 4 bracelets per day. The rings are made by another team who can make at most 7 rings per day. All rings have to be approved by a master jeweler and he can check at most 30 jewels of either type per day. If the profit per bracelet is $700 and the profit per ring is $300, how many of each should the jewelry company make to maximize profit?",4900,373,linear-notable,The maximum profit
prob_375,prob_375,"A lab has 1000 units of medicinal ingredients to make two pills, a large pill and a small pill. A large pill requires 3 units of medicinal ingredients and 2 units of filler. A small pill requires 2 units of medicinal ingredients and 1 unit of filler. The lab has to make at least 100 large pills. However, since small pills are more popular at least 60% of the total number of pills must be small. How many of each should be made to minimize the total number of filler material needed?",350,374,linear-notable,Total amount of filler material used
prob_376,prob_376,"You are the manager of an apartment complex, and you want to increase the rent to rise the profit. According to the contract, you can only increase the rent by 25 dollars each time. At first, the rent is $800/month, and all apartments are rented. Each time the rent is increased by $25, one fewer apartment is rented. Maintenance costs run $50/month for each occupied unit. Please maximizes the total amount of profit?",39975,375,nonlinear-notable,The maximum total profit
prob_377,prob_377,"A farmer has 200 acres of land to grow oranges and grapefruits. He must grow at least 60 acres of oranges and at least 50 acres of grapefruits. The farmer prefers to grow more grapefruits than oranges but due to a shortage, he can grow at most twice the amount of grapefruits as oranges. If the profit per acre of oranges is $200, and the profit per acre of grapefruits is $220, how many acres of each should be grown to maximize profit?",42666.666,376,linear-notable,Total profit
prob_378,prob_378,"A zoo needs to transport their monkeys to the vet either by bus or by car. A bus can transport 20 monkeys per trip and takes 30 minutes. A car can transport 6 monkeys per trip and takes 15 minutes. There can be at most 10 bus trips. In addition, since the monkeys get aggressive when there are too many in one place at least 60% of the trips should be by car. If the zoo needs to transport 300 monkeys, how many trips of each should be done to minimize the total time required to transport the monkeys?",555,377,linear-notable,The total time required to transport the monkeys (minutes)
prob_379,prob_379,"A company produces five types of widgets: X, Y, Z, W, and V. The company needs to decide how many units of each widget to produce in next week. For Widget Y, the selling price is 15$, the material cost is 7$, and the production time is 3 hours. For Widget Z, the selling price is 20$, the material cost is 9$, and the production time is 4 hours. For Widget W, the selling price is 25$, the material cost is 11$, and the production time is 5 hours. For Widget V, the selling price is 30$, the material cost is 13$, and the production time is 6 hours. The company has only one production line and can only produce one widget at a time. The company aims to maximize the rate at which it earns profits (which is defined as the sum of the selling profit divided by the sum of the production times). The company has $900 available for material costs next week. The company wants to produce at least 10 units of each widget next week. The company wants to spend at most 400 hours on production next week. The company wants to ensure that the total production of Widget W does not exceed the combined production of Widgets X, Y, and Z. The company wants to ensure that the total production of Widget V does not exceed the combined production of Widgets X, Y, Z, and W. For Widget X, the selling price is 10$, the material cost is 5$, and the production time is 2 hours.",1116,378,nonlinear-notable,Objective Value (Profit Rate)
prob_380,prob_380,"A food delivery person can either have shifts on bikes or scooters. A shift on a bike can deliver 10 orders, takes 5 units of energy, and brings in $50 on tips because it is faster. A shift on a scooter can deliver 7 orders, takes 6 units of energy, and brings in $43 on tips. The delivery person has available 40 shifts a month and has 230 units of energy and must bring at least 320 orders. He must have at least 5 shifts on a scooter because bikes are harder to get. How many shifts on each type of transportation should the delivery person schedule to maximize tips received?",1965,379,linear-notable,The total tips received
prob_381,prob_381,"A dentist has 3000 units of resin to fill cavities in both molars and canines. Molars require 20 units of resin and 3 units of pain killer. Canines require 15 units of resin and 2.3 units of pain killer. Since this dentist sees more cavities in canines, at least 60% of cavities filled must be in canines. In addition, the dentist must reserve materials to fill at least 45 molars. How many of each type of teeth should the dentist schedule to fill to minimize the amount of pain killer needed?",291.4,380,linear-notable,The total amount of pain killer needed
prob_382,prob_382,"An international shipping company uses large and small ships to transport containers around the world. A large ship can carry 500 containers while a small ship can carry 200 containers. Because most ports are small, the number of large ships cannot exceed the number of small ships. If the company is under contract needs to transport at least 3000 containers, find the minimum number of ships that can be used.",9,381,linear-notable,The minimum number of ships needed
prob_383,prob_383,"A bakery produces 4 types of cakes: chocolate, vanilla, strawberry, and lemon. The bakery has 3 ovens and needs to schedule the baking times (hour) for each type of cake. The operating time of the oven can only be set in increments of one hour. The bakery must also ensure that the total baking time for all cakes does not exceed 24 hours. Each oven can only bake one type of cake at a time, and the bakery must ensure that each type of cake is baked at least once. The bakery has a limited supply of ingredients, which allows for a maximum of 10 hours of baking for chocolate cake, 8 hours for vanilla cake, 6 hours for strawberry cake, and 4 hours for lemon cake. The bakery aims to maximize its daily revenue from selling cakes. The revenue from each type of cake is proportional to the square of its baking time (hour). Specifically, the revenue from chocolate cake is 5 * Tc^2, from vanilla cake is 4 * Tv^2, from strawberry cake is 3 * Ts^2, and from lemon cake is 2 * Tl^2.",833,382,nonlinear-notable,Total Revenue
prob_384,prob_384,"You need to build a window, which is consists of a rectangular piece of clear glass with a semicircular piece of colored glass on top. The distance from top to bottom (across both the rectangle and the semicircle) shoule be at most 2 meters. The window should be no more than 1.5 meters wide. The colored glass transmits only 1/2 as much light per unit area as the clear glass. Find the dimensions of the rectangular portion of the window that lets through the most light.",2.758572988826752,383,nonlinear-notable,The maximum light transmitted
prob_385,prob_385,"Tom Designs manufactures three coats: long, short, and mini. These coats are produced in two different factories: a north one and a south one. Running the north factory for an hour costs $200 and produces 20 long coats, 15 short coats, and 10 mini coats. Running the south factory for an hour costs $400 and yields 30 long coats, 25 short coats, and 30 mini coats. To meet customer demands, a minimum of 75 long coats, 30 short coats, and 40 mini coats must be produced daily. Determine a daily production plan that minimizes the cost of meeting the company’s daily demands.",766.666668,384,linear-notable,Total cost of operation
prob_386,prob_386,We have a piece of cardboard. We are going to cut out the corners and fold up the sides to form a box. The cardboard is 50 cm by 20 cm. Determine the height of the box that will give a maximum volume.,2030.3362935990522,385,nonlinear-notable,The maximum volume of the box
prob_387,prob_387,"A dog school trains labradors and golden retrievers to deliver newspaper. A labrador can deliver 7 newspapers at a time and requires 5 small bone treats for service. A golden retriever can deliver 10 newspapers at a time and requires 6 small bone treats per service. The school only has 1500 small bone treats available. In addition, at least 50 golden retrievers must be used and at most 60% of the dogs can be labradors. How many of each dog should be used to maximize the number of newspapers that can be delivered?",0,386,linear-notable,The number of labradors
prob_388,prob_388,"A rectangular box with a square base, an open top is to be constructed. It should have a volume of at least 216 cubic inches. What should the dimensions of the box be to minimize the surface area of the box?",3.7797631444364974,387,nonlinear-notable,The height of the box
prob_389,prob_389,"A hockey arena can hold at most 300 people and has both heated and regular seats. A profit of $30 is made on each heated seat and a profit of $20 is made on each regular seat. The arena reserves a minimum of 50 seats to be heated seats. However, since it is not too cold, at least 3 times as many people prefer to sit in regular seats. How many of each type of seat must be sold in order to maximize profit? What is the maximum profit?",6750,388,linear-notable,The maximum profit
prob_390,prob_390,"A mask making company ships masks to their retail stores using small boxes and large boxes. A small box holds 25 masks whereas a large box holds 45 masks. Since small boxes are easier to stack and will be used first to stock stores, there must be at least three times as many small boxes as large boxes. Additionally, at least 5 large boxes must be used. If at least 750 masks are required to be distributed, how many of each size of box should be used to minimize the total number of boxes needed?",26,389,linear-notable,The total number of boxes
prob_391,prob_391,"A manufacturing company produces three types of products: ProductA, ProductB, and ProductC. The company needs to decide the number of units to produce for each product in the next month and how much to invest in automation for each product to increase production efficiency. The relationship between automation investment and profit per unit for each product is given in the following Table. | Product | Initial Profit per Unit | Increase in Profit per Unit per $100 Automation Investment | |---------|-------------------------|-----------------------------------------------------------| | ProductA | $50 | $5 | | ProductB | $70 | $7 | | ProductC | $60 | $6 | The company aims to maximize the total profit from all products. The production cost for ProductA is $10 per unit, the production cost for ProductB is $15 per unit, and the production cost for ProductC is $20 per unit. The company has a total budget of $50,000 for production and automation investments. The production capacity for the next month is limited to 1,000 units in total. Due to market demand, the company must produce at least 100 units of ProductA and 150 units of ProductB.",2304500,390,nonlinear-table,Total Profit
prob_392,prob_392,"An industrial tire company delivers large tires for equipment to remote engineering sites either by cargo planes or ultrawide trucks. Each cargo plane can transport 10 tires per trip and costs $1000. Each ultrawide truck can transport 6 tires per trip and costs $700. The company needs to transport at least 200 tires and has available $22000. Because most remote sites don't have proper airports, the number of plane trips cannot exceed the number of ultrawide truck trips. How many trips of each should be done to minimize the total number of trips?",26,391,linear-notable,The total number of trips
prob_393,prob_393,"Find the largest rectangle (that is, the rectangle with largest area) that fits inside the graph of the parabola y = x^2 below the line y = a (a is an unspecified constant value), with the top side of the rectangle on the horizontal line y = a.",3.079201589017748,392,nonlinear-notable,The area of the rectangle
prob_394,prob_394,"Stockco is considering four investments. Investment 1 will yield a net present value (NPV) of $16,000; investment 2, an NPV of $22,000; investment 3, an NPV of $12,000; and in- vestment 4, an NPV of $8,000. Each investment requires a certain cash outflow at the pres- ent time: investment 1, $5,000; investment 2, $7,000; investment 3, $4,000; and investment 4, $3,000. Currently, $14,000 is available for investment. Tell Stockco how to maximize the NPV obtained from investments 1-4.",42000,393,linear-notable,Total NPV
prob_395,prob_395,"Western Pulp (WP) produces recycled paperboard for box manufacturers by combining four grades of recycled paper stock. Each grade of stock has a different strength, color, and texture. The strength, color, and texture of the paperboard are approximately a weighted average of those characteristics of the paper inputs. The following table gives the characteristics of the paper stocks and their cost per ton. WP has received an order for 500 tons of paperboard with a strength rating of at least 7, a color of at least 5, and texture of at least 6. WP would like to determine the least costly mix required to produce this paperboard. Table (Characteristics and cost per ton of each paper grade): | Paper Grade | Strength | Color | Texture | Cost/Ton | |-------------|----------|-------|---------|----------| | 1 | 8 | 9 | 8 | $150 | | 2 | 6 | 7 | 5 | $110 | | 3 | 5 | 5 | 6 | $90 | | 4 | 3 | 4 | 5 | $50 |",65000,394,linear-table,The minimum cost
prob_396,prob_396,"Euing Gas produces two types of gasoline (gas 1 and gas 2) from two types of oil (oil 1 and oil 2). Each gallon of gas 1 must contain at least 50 percent oil 1, and each gallon of gas 2 must contain at least 60 percent oil 1. Each gallon of gas 1 can be sold for 12$, and each gallon of gas 2 can be sold for 14$. Currently, 500 gallons of oil 1 and 1,000 gallons of oil 2 are available. As many as 1,500 more gallons of oil 1 can be purchased at the following prices: first 500 gallons, 25$ per gallon; next 500 gallons, 20$ per gallon; next 500 gallons, 15$ per gallon. Formulate an LP that will maximize Euing's profits (revenues - purchasing costs).",9500,395,linear-notable,The maximum profit
prob_397,prob_397,"Gandhi Cloth Company is capable of manufacturing three types of clothing: shirts, shorts, and pants. The manufacture of each type of clothing requires that Gandhi have the appropriate type of machinery available. The machinery needed to manufacture each type of clothing must be rented at the following rates: shirt machinery, $200 per week; shorts machinery, $150 per week; pants machinery, $100 per week. The manufacture of each type of clothing also requires the amounts of cloth and labor as shown in the following Table 1. Each week, 150 hours of labor and 160 sq yd of cloth are available. The variable unit cost and selling price for each type of clothing are shown in Table 2. Maximize Gandhi's weekly profits. Table 1 (The amount of labor hours and cloth required for each type of clothing): | Clothing Type | Labor Hours | Cloth (sq yd) | | ------------- | ----------- | ------------- | | Shirt | 3 | 4 | | Shorts | 2 | 3 | | Pants | 6 | 4 | Table 2 (Revenue and Cost Information for each type of clothing): | Clothing Type | Sales Price | Variable Cost | | ------------- | ----------- | ------------- | | Shirt | $12 | $6 | | Shorts | $8 | $4 | | Pants | $15 | $8 |",75,396,linear-table,The maximum weekly profit
prob_398,prob_398,"A manufacturing company produces three types of electronic devices: DeviceA, DeviceB, and DeviceC. The company needs to decide the number of units to produce for each device to optimize its profit. Additionally, the company can invest in research and development (R&D) to improve the efficiency of production, which affects the cost and quality of the devices. The company has a production capacity limit of 1000 units in total for all devices. Due to market demand, the number of DeviceA units produced must be at least twice the number of DeviceB units. The company has a budget of $50,000 for R&D investment. The profit per unit of DeviceA is $100, but it decreases by $0.5 for every $1000 spent on R&D. The profit per unit of DeviceB is $150, but it increases by $0.2 for every $1000 spent on R&D. The profit per unit of DeviceC is $200, but it remains constant regardless of R&D investment. The company aims to maximize total profit.",200000,397,nonlinear-notable,Total Profit
prob_399,prob_399,"A bakery makes almond and pistachio croissants. An almond croissant requires 5 units of butter and 8 units of flour. A pistachio croissant requires 3 units of butter and 6 units of flour. The bakery has available 600 units of butter and 800 units of flour. Since the almond croissant is more popular, at least 3 times as many almond croissants should be made as pistachio croissants. If making an almond croissant takes 12 minutes and making a pistachio croissant takes 10 minutes, how many of each should be made to minimize the total production time?",0,398,linear-notable,The total production time in minutes
prob_400,prob_400,"An investor has $70,000 to divide among several investment instruments. The returns for municipal bonds, CDs, t-bills, and growth stocks are given in the following Table. The investor must adhere to specific guidelines for the investment distribution: 1. No more than 20% in municipal bonds. 2. Investment in CDs should not exceed the other three alternatives. 3. At least 30% invested in t-bills and CDs. 4. More should be invested in CDs and t-bills than in municipal bonds and growth stocks by a ratio of 1.2 to 1. 5. All $70,000 should be invested. Formulate an LP to maximize the profit. Table (Investment returns for each instrument): | Investment Instrument | Return Rate | | --------------------- | ----------- | | Municipal Bonds | 8.5% | | CDs | 5% | | T-bills | 6.5% | | Growth Stocks | 13% |",6618.1818299999995,399,linear-table,Total Profit
prob_401,prob_401,"A chocolate maker has contracted to operate a small candy counter in a fashionable store. To start with, the selection of offerings will be intentionally limited. The counter will offer a regular mix of candy made up of equal parts of cashews, raisins, caramels, and chocolates, and a deluxe mix that is one-half cashews and one-half chocolates, which will be sold in one-pound boxes. In addition, the candy counter will offer individual one-pound boxes of cashews, raisins, caramels, and chocolates. A major attraction of the candy counter is that all candies are made fresh at the counter. However, storage space for supplies and ingredients is limited. Bins are available that can hold the amounts shown in the table. Ingredient Capacity (pounds per day) Cashews 120 Raisins 200 Caramels 100 Chocolates 160. In order to present a good image and to encourage purchases, the counter will make at least 20 boxes of each type of product each day. Any leftover boxes at the end of the day will be removed and given to a nearby nursing home for goodwill. The profit per box for the various items has been determined as follows. Item Profit per Box Regular $.80 Deluxe .90 Cashews .70 Raisins .60 Caramels .50 Chocolates .75. Solve for the optimal values of the decision variables and the maximum profit.",433,400,linear-table,The maximum profit
prob_402,prob_402,"There has been an oil spill in the ocean and ducks need to be taken to shore to be cleaned either by boat or by canoe. A boat can take 10 ducks per trip while a canoe can take 8 ducks per trip. Since the boats are motor powered, they take 20 minutes per trip while the canoes take 40 minutes per trip. In order to avoid further environmental damage, there can be at most 12 boat trips and at least 60% of the trips should be by canoe. If at least 300 ducks need to be taken to shore, how many of each transportation method should be used to minimize the total amount of time needed to transport the ducks?",1160,401,linear-notable,The total amount of time
prob_403,prob_403,"A chemical company is transporting their hydrogen using two different methods, high pressure tube trailers and liquefied hydrogen tankers. The first method is a high-pressure tube trailer which can transport 50 cubic meters each per trip at a cost of $500. The second method is using liquefied hydrogen tankers which can transport 30 cubic meters each per trip at a cost of $200. The company needs to transport at least 300 cubic meters of hydrogen and they have budget of $3750 available. In addition, the number of transports done by the high pressure tube trailer method has to be less than the number of transports done by the liquefied hydrogen tanker method. How many of each transportation method should they use to minimize the total number of trips?",8,402,linear-notable,The total number of trips
prob_404,prob_404,"Super Shop sells cat paw snacks and gold shark snacks in bulk. It plans to sell them into two snack mix products. The first mix contains 20% cat paw snacks and 80% gold shark snacks. The second mix contains 35% cat paw snacks and 65% gold shark snacks. The store has on hand 20 kg of cat paw snacks and 50 kg of gold shark snacks. If the profit per kg of the first mix is $12 and the profit per kg of the second mix is $15, how many kg of each should be prepared to maximize profit?",960,403,linear-notable,The total profit
prob_405,prob_405,"A meat processing plant uses two machines, a meat slicer and a meat packer, to make their hams and pork ribs. To produce one batch of hams requires 4 hours on the meat slicer and 2.5 hours on the meat packer. To produce one batch of pork ribs requires 2 hours on the meat slicer and 3.5 hours on the meat packer. Each machine runs for at most 4000 hours per year. If the profit per batch of hams is $150 and the profit per batch of pork ribs is $300, how many batches of each should be made to maximize profit?",342750,404,linear-notable,The total profit
prob_406,prob_406,"A farm is cultivating three types of crops: Corn, Wheat, and Soybeans. The farm needs to decide how many acres to allocate to each crop for the upcoming growing season. Additionally, the farm is considering leasing some of its land to another farmer. For Wheat, the Expected Profit per Acre is $400, the Cost per Acre is $150, and the Water Usage per Acre is 800 gallons. For Soybeans, the Expected Profit per Acre is $300, the Cost per Acre is $100, and the Water Usage per Acre is 500 gallons. For leased land, the Rental Income per Acre is $100. The farm aims to maximize the average profit per acre (which is defined as the total profit divided by the total acres used for all purposes). The farm has a total of 1000 acres available for the season. Due to soil conditions, the farm can allocate at most 400 acres to Corn. The farm has a water allocation of 700,000 gallons for the season. The farm wants to ensure that at least 30 acres are dedicated to each crop. For Corn, the Expected Profit per Acre is $500, the Cost per Acre is $200, and the Water Usage per Acre is 1000 gallons.",290.2173913043478,405,nonlinear-notable,Average Profit per Acre
prob_407,prob_407,"A factory transports rice to the city in horse-drawn carts that are either medium or large size. A medium sized cart requires 2 horses and can carry 30 kg of rice. A large sized cart requires 4 horses and can carry 70 kg of rice. The factory has 60 horses available. Because the horses don't get along well, the number of medium sized carts must be three times the number of large sized carts. In addition, there must be at least 5 medium sized carts and at least 5 large sized carts. How many of each cart size should be used to maximize the amount of rice that can be transported?",18,406,linear-notable,The number of medium sized carts
prob_408,prob_408,"A renewable energy company is planning to install three types of solar power plants: large-scale, medium-scale, and small-scale. The company needs to decide how many of each type of plant to build and how much capital to invest in each type of plant. The efficiency of energy production varies by plant size, and the cost of installation also differs. The daily energy output of each type of plant is proportional to the capital invested in that plant, as shown in the following Table. | Plant Type | Efficiency (kWh/day per $1,000) | Capital Investment per Plant | |------------------|---------------------------------|-----------------------------| | Large-scale | 16.67 | $60,000 | | Medium-scale | 14.00 | $50,000 | | Small-scale | 16.67 | $30,000 | The company has a total capital budget of $1,000,000 for investment in solar plants. Due to zoning regulations, the company can only build a maximum of 5 large-scale plants. The total number of plants (regardless of size) must not exceed 20. The company wants to maximize the total daily energy output.",16666.666666666668,407,nonlinear-table,Total Daily Energy Output
prob_409,prob_409,"Glueco has 5 different production lines for glue and needs to assign workers to each production line. The production rates for each type of glue on each production line are given in the following Table. | Production Line | Glue 1 Units/Worker/Hour | Glue 2 Units/Worker/Hour | Glue 3 Units/Worker/Hour | |-----------------|--------------------------|--------------------------|--------------------------| | 1 | 20 | 30 | 40 | | 2 | 50 | 35 | 45 | | 3 | 30 | 40 | 50 | | 4 | 40 | 45 | 50 | | 5 | 25 | 35 | 45 | Glueco needs to produce at least 120 units of glue 1, at least 150 units of glue 2, and at least 200 units of glue 3. The five production lines can only be opened or closed at the same time. Please determine the minimum time to meet the weekly demand. The company has a total of 80 workers available and each line can be utilized by up to 20 workers at a time.",0.05263157894736842,408,nonlinear-table,Minimum Time to Meet Weekly Demand
prob_410,prob_410,"A bakery produces four types of pastries: Croissant, Danish, Baguette, and Tart. They need to determine the quantities of each pastry to produce to maximize their profit while considering the cost of ingredients and the demand from customers. The profit per unit for each pastry and the requirements for a key ingredient, flour, are given in the following Table. | Pastry | Profit per Unit | Flour Required (g) | |----------|-----------------|--------------------| | Croissant| $3 (increases by $0.02 per unit if production exceeds 100) | 50 | | Danish | $4 (increases by $0.02 per unit if production exceeds 100) | 70 | | Baguette | $5 (increases by $0.02 per unit if production exceeds 100) | 60 | | Tart | $6 (increases by $0.02 per unit if production exceeds 100) | 80 | The bakery has a limited supply of flour, which is a key ingredient in all pastries. The total available flour is 50000 g. The bakery faces a demand limit for each type of pastry: 300 units for Croissant, 250 units for Danish, 200 units for Baguette, and 150 units for Tart. The bakery also has a production capacity of 700 units in terms of the total number of pastries it can produce. The bakery aims to maximize the total profit from selling the pastries, considering the economies of scale where the profit per unit increases by $0.02 for each pastry type if the production exceeds 100 units.",4900,409,nonlinear-table,Total Profit
prob_411,prob_411,"A metal-working shop has access to two types of metal-working equipment, a chop saw and a steel cutter. A chop saw can work 25 pounds of steel and generates 25 units of waste every day. A steel cutter can only cut 5 pounds of steel and generates 3 units of waste every day. The metal-working shop is expecting an increase in demand and must cut 520 pounds of metal every day. However, there is a waste limitation due to the fines that may be in place if too much heavy metal is discarded and they may at most produce 400 units of waste every day. How should the metal-working shop purchase their metal-working equipment to decrease the total number of metal-working equipment needed?",72,410,linear-notable,The total number of metal-working equipment
prob_412,prob_412,"A food company would like to run its commercials on three streaming platforms: Pi TV, Beta Video and Gamma Live. The cost for a commercial as well as the expected audience reach is given. On Pi TV, a commercial costs $1200 and attracts 2000 viewers. On Beta Video, a commercial costs $2000 and attracts 5000 viewers. On Gamma Live, a commercial costs $4000 and attracts 9000 viewers. Beta Video limits the number of commercials from a single company to 8. In order to attract a wide range of people, at most a third of all commercials should occur on Gamma Live and a minimum of 20% should occur on Pi TV. If the weekly budget is $20000, how many commercials should be run in each of the three possible choices in order to maximize audience?",46000,411,linear-notable,Total audience reached
prob_413,prob_413,Find two positive numbers whose sum is 300 and whose product is a maximum.,150,412,nonlinear-notable,The first number
prob_414,prob_414,"A company specializes in blending tea and offers five different blends: Zen, Energy, Relax, Extra, and Premium. They need to determine the quantities of each blend to produce. The initial profit per unit and the special tea leaves required per unit for each blend are given in the following Table. | Blend | Initial Profit per Unit | Special Tea Leaves Required per Unit | |----------|-------------------------|-------------------------------------| | Zen | 5$ | 10 g | | Energy | 7$ | 15 g | | Relax | 6$ | 12 g | | Extra | 8$ | 18 g | | Premium | 10$ | 20 g | The company has a limited supply of special tea leaves (1000 g), which are required for the production of each blend. The market has a demand limit for each blend. For Zen, the demand limit is 200 units. For Energy, the demand limit is 250 units. For Relax, the demand limit is 300 units. For Extra, the demand limit is 150 units. For Premium, the demand limit is 100 units. The company has a production capacity of 650 units in terms of the number of units it can produce. The company wants to maximize the total profit from selling the tea blends, considering that the profits of blends increase linearly according to the scale of production. When the production of each blend exceeds 50 units, the average profit per unit of the blend increases by $0.01.",550,413,nonlinear-table,Total Profit
prob_415,prob_415,A cone is made from a circular sheet. The radius of the circular sheet is 2m. The cone is formed by cutting out a sector from the circular sheet and then gluing the cut edges of the remaining piece together. We need to determine the maximum attainable volume for the cone.,3.224532575115765,414,nonlinear-notable,The maximum volume of the cone
prob_416,prob_416,"In an easy linear program, we have two vectors $x_{1}$, $x_{2}$, which $(x_{1},x_{2})\in\mathbb{R}^{2}$. As the constraints are $x_{1}\geq0, x_{2}\geq0,x_{2}-x_{1}\leq1,x_{1}+6x_{2}\leq15$, and $4x_{1}-x_{2}\leq10$. We need to find a point $(x_{1},x_{2})$ of this function to maximize the value $x_{1}+x_{2}$.",5,415,linear-notable,The maximum value of x1 + x2
prob_417,prob_417,"To graduate from Basketweavers University with a major in operations research, a student must complete at least two math courses, at least two OR courses, and at least two computer courses. Some courses can be used to fulfill more than one requirement, and some courses are prerequisites for others. Formulate an LP that minimizes the number of courses needed to satisfy the major requirements. Table (Courses and their corresponding requirement fulfillment): | Course Name | Fulfills Math Requirement | Fulfills OR Requirement | Fulfills Computer Requirement | Prerequisite For | | ------------------------------ | ------------------------- | ----------------------- | ----------------------------- | --------------------------- | | Calculus | Yes | No | No | Business Statistics | | Operations Research | Yes | Yes | No | None | | Data Structures | Yes | No | Yes | None | | Business Statistics | Yes | Yes | No | Forecasting | | Computer Simulation | No | Yes | Yes | None | | Introduction to Computer Programming | No | No | Yes | Computer Simulation, Data Structures | | Forecasting | Yes | Yes | No | None |",4,416,linear-table,The minimum number of courses needed
prob_418,prob_418,"A logistics company is managing the distribution of three types of goods: GoodsX, GoodsY, and GoodsZ. The company needs to determine the number of trucks allocated to each type of goods and the number of trips per truck for each type of goods will make in the upcoming month. Additionally, the company can invest in fuel-efficient upgrades for all trucks, which will reduce fuel costs per trip. The initial fuel cost per trip, revenue generated per trip, and the effect of fuel efficiency upgrades on fuel costs are given in the following Table. | Goods | Initial Fuel Cost per Trip | Revenue per Trip | Fuel Cost Reduction per $10,000 Investment | |-------|----------------------------|------------------|------------------------------------------| | GoodsX | $200 | $500 | $10 | | GoodsY | $250 | $600 | $10 | | GoodsZ | $300 | $700 | $10 | The company has a total of 50 trucks available for the month. The total investment in fuel efficiency upgrades cannot exceed $60,000. Due to operational constraints, each truck can make no more than 20 trips in the month. The company must ensure that at least 10 trucks are allocated to GoodsX and 15 trucks to GoodsY. The company aims to maximize the total profit from all goods.",425000,417,nonlinear-table,Total Profit
prob_419,prob_419,"An oil and gas company operates on 300 acres of land where they use oil wells of small and large size. Per acre of land, a small oil well can produce 2 barrels of oil. Per acre of land, a large oil well can produce 5 barrels of oil. However, a small oil well produces 10 units of pollution and requires 5 drill bits per acre and a large oil well produces 20 units of pollution and requires 10 drill bits per acre. The company has available 2500 drill bits and due to strict environmental laws can produce at most 4500 units of pollution. For how many acres should each oil well be used to maximize the total production of oil?",1125,418,linear-notable,The total production of oil
prob_420,prob_420,"The Healthy Pet Food Company manufactures two types of dog food: Meaties and Yummies. Each package of Meaties contains 2 pounds of cereal and 3 pounds of meat; each package of Yummies contains 3 pounds of cereal and 1.5 pounds of meat. Healthy believes it can sell as much of each dog food as it can make. Meaties sell for $2.80 per package and Yummies sell for $2.00 per package. Healthy's production is limited in several ways. First, Healthy can buy only up to 400,000 pounds of cereal each month at $0.20 per pound. It can buy only up to 300,000 pounds of meat per month at $0.50 per pound. In addition, a special piece of machinery is required to make Meaties, and this machine has a capacity of 90,000 packages per month. The variable cost of blending and packing the dog food is $0.25 per package for Meaties and $0.20 per package for Yummies. Suppose you are the manager of the Dog Food Division of the Healthy Pet Food Company. Your salary is based on division profit, so you try to maximize its profit. How should you operate the division to maximize its profit and your salary?",77500,419,linear-notable,The maximum profit
prob_421,prob_421,"The Ace Manufacturing Company has orders for three similar products: A, B, and C with quantities of 1750, 500, and 1100 units respectively. Three machines are available for the manufacturing operations, and all three machines can produce all the products at the same production rate. However, the unit costs of the products vary depending on the machine used due to varying defect percentages. The machine capacities for the next week and the unit costs for producing each product on each machine are provided in the following tables. Use the transportation model to develop the minimum cost production schedule for the products and machines. Show the linear programming formulation. If the constant is ""1"" it must be entered in the box. If your answer is zero enter ""0"". Table (Machine capacities for the next week): | Machine | Capacity | |---------|----------| | 1 | 1550 | | 2 | 1450 | | 3 | 1150 | Table (Unit costs of products on each machine): | Product/Machine | Machine 1 | Machine 2 | Machine 3 | |-----------------|-----------|-----------|-----------| | A | $0.80 | $1.40 | $0.80 | | B | $1.30 | $1.30 | $0.80 | | C | $0.70 | $1.50 | $1.20 |",2910,420,linear-table,The minimum production cost
prob_422,prob_422,"A logistics company is managing the distribution of three types of goods: GoodsX, GoodsY, and GoodsZ. The company needs to decide how many trucks to allocate for each type of good to optimize delivery efficiency and minimize costs. Additionally, the company can invest in route optimization software to reduce travel time and fuel consumption, which affects the cost and efficiency of each delivery. The initial cost per truck for GoodsX is $1,000, but with optimization, the cost decreases by $10 for every $100 invested in optimization. The initial cost per truck for GoodsY is $1,200, and with optimization, the cost decreases by $12 for every $100 invested in optimization. The initial cost per truck for GoodsZ is $1,500, and with optimization, the cost decreases by $15 for every $100 invested in optimization. The company aims to minimize the total delivery cost for all goods. The company has a total of 50 trucks available for allocation. The budget for route optimization software is $10,000. Due to contractual obligations, the company must allocate at least 10 trucks for GoodsX and 15 trucks for GoodsY. The reduction in delivery costs is linearly proportional to the amount of investment in route optimization software for each type of good.",10000,421,nonlinear-notable,Total Cost
prob_423,prob_423,"A large fishing boat sends fish back to shore either by small canoes or smaller diesel boats. A canoe can carry back 10 fish while a small diesel boat can carry back 15 fish. In order to follow environmental rules, the number of small canoes used has to be at least 3 times as many as the number of diesel boats uses. If at least 1000 fish need to be transported to shore, minimize the total number of canoes and diesel boats needed.",89,422,linear-notable,The total number of boats used
prob_424,prob_424,"A dim sum restaurant can deliver their food by cart or by hand. Servers can deliver by cart and have 70 customer interactions and will have to refill food five times an hour. They can also deliver more food by hand, due to the increased mobility, and have 85 customer interactions while refilling food twenty times an hour. However, the customers get more options when delivering by cart, therefore at least 70% of delivery shifts must be by cart. There must be at least 3 servers delivering by hand for their direct customer service. If the restaurant wants to have 4000 customer interactions per hour, how many of each form of delivery should the dim sum restaurant schedule to minimize the total number of refills per hour?",330,423,linear-notable,The total number of refills per hour
prob_425,prob_425,"A company in the desert can transport goods to rural cities either by camel caravans or desert trucks. A camel caravan can deliver 50 units of goods per trip and takes 12 hours. A desert truck can deliver 150 units of goods per trip and takes 5 hours. However, due to the cost of fuel, the company prefers to have more camel caravans than desert trucks. If the company needs to deliver 1500 units of goods, how many of each method of transportation should the company organize to minimize the total number of hours required?",143,424,linear-notable,The total hours required
prob_426,prob_426,"Mark has 50 acres of land available to grow potatoes and cucumbers that he sells at a farmers' market. He must grow at least 12 acres of potatoes and 15 acres of cucumbers to meet his contract. Mark prefers to grow more cucumbers than potatoes, but he only has enough resources to grow at most twice the amount of cucumbers as potatoes. If the profit per acre of potatoes is $500 and the profit per acre of cucumbers is $650, how many acres of each should he grow to maximize his profit? What is that profit?",29950,425,linear-notable,The maximum profit
prob_427,prob_427,"A company plans to construct three types of production lines, each producing a certain type of product (Sugar, Flour, and Oil). For ease of management, the company decided to have the same number of workers on the same type of production line. The company needs to determine the number of production lines to construct for each product, and the number of workers to assign to each type of production line. For Flour, the material cost per unit is $7, and the selling price per unit is $15, and production number per worker per day is 80 units. For Oil, the material cost per unit is $9, and the selling price per unit is $20, and production number per worker per day is 60 units. The company wants to maximize the total profit per day. The company has a total of 100 workers available. The company has a budget of $5000 for material costs per day. The company has a production capacity of 1000 units in terms of the number of units it can produce per day. For Sugar, the material cost per unit is $5, and the selling price per unit is $10, and production number per worker per day is 100 units.",10560,426,nonlinear-notable,Total Profit
prob_428,prob_428,A taco stand sells regular tacos and deluxe tacos with extra meat. The stand makes x1 regular tacos at a profit of $2.50 each and x2 deluxe tacos at a profit of $3.55 each (x1 and x2 are unknown variables both greater than or equal to 0). There is a demand for at most 50 regular tacos and at most 40 deluxe tacos. The stand only has enough supplies to sell at most 70 tacos of either type. How many of each taco should the stand make to maximize profit?,217,427,linear-notable,The maximum profit
prob_429,prob_429,"A printing company sells math workbooks and English workbooks. To meet demand, they must make at least 40 math workbooks and at least 60 English workbooks. However, they can make at most 140 math workbooks and at most 170 English workbooks. The company has a contract with a school to send at least 200 workbooks of either type. If the profit per math workbook is $15 and the profit per English workbook is $17, how many of each should the company make to maximize profit?",4990,428,linear-notable,The total profit
prob_430,prob_430,"A bee farmer transports his honey in small and large bottles. A small bottle can take 5 units of honey while a large bottle can take 20 units of honey. The farmer has available at most 300 small bottles and at most 100 large bottles. In addition, since small bottles are easier to sell, at least twice as many small bottles must be used than large bottles. Finally, he can transport at most 200 bottles total and at least 50 must be large bottles. How many of each bottle should be use to maximize the total amount of honey he can transport?",134,429,linear-notable,The number of small bottles
prob_431,prob_431,"An ice cream store makes chocolate and vanilla ice cream by the gallon. In a week, they must make at least 5 gallons of each type but at most 10 gallons of chocolate ice cream and at most 8 gallons of vanilla ice cream. It takes 1 hour to produce a gallon of chocolate ice cream and 2 hours to produce a gallon of vanilla ice cream. In a week, 30 hours are available to make ice cream. In addition at least 6 workers are needed with 1 working on the chocolate ice cream and 2 on the vanilla ice cream at any time. If the profit per gallon of chocolate ice cream is $200 and the profit per gallon of vanilla ice cream is $300, how many gallons of each should be made to maximize profit?",4400,430,linear-notable,Total profit
prob_432,prob_432,"A farm grows five types of crops: A, B, C, D, and E. The farm needs to decide how much of each crop to plant this season. The selling price, cost of seeds, and required labor hours for each crop are given in the following Table. | Crop | Selling Price per Ton | Cost of Seeds per Ton | Required Labor Hours per Ton | |------|-----------------------|-----------------------|------------------------------| | A | $20 | $5 | 3 hours | | B | $25 | $7 | 4 hours | | C | $30 | $9 | 5 hours | | D | $35 | $11 | 6 hours | | E | $40 | $13 | 7 hours | The farm has $9900 available for seed costs this season. The farm wants to plant at least 20 tons of each crop this season. The farm wants to limit the total labor hours to at most 900 hours this season. The farm aims to maximize the rate at which it earns profits (which is defined as the sum of the selling profit divided by the sum of the labor hours).",4.5550611790878754,431,nonlinear-table,Max Profit Rate
prob_433,prob_433,"A construction company in the tropics uses cows and elephants to carry bricks. A cow can carry 20 bricks on its back while an elephant can carry 50 bricks on its back. To avoid having elephants create too much traffic, the number of elephant cannot exceed the number of cows. In addition, there can be at most twice the number of cows as elephants. If the company needs to transport at least 1000 bricks, find the minimum number of animals, cows and elephants, that can be used..",29,432,linear-notable,The total number of animals used
prob_434,prob_434,"Suppose a company manufactures two products, A and B, using three inputs, labor, material R, and materials S. To make one unit of product A requires 6 pounds of R, 7.5 pounds of S, and 9 person-hours of labor; to make one unit of product B requires 12 pounds of R, 4.5 pounds of S, and 6 person-hours of labor. The demands for the products are such that the company can sell as much of each product as it can produce and earn a profit of $3 per unit of A and $4 per unit of B. However, only 900 pounds of R, 675 pounds of S, and 1200 person-hours of labor are available to the company each day. Formulate the company's problem as a linear program to maximize profit.",364,433,linear-notable,The maximum profit
prob_435,prob_435,There is a closed cylinder. The volume of the cylinder is 16π. Find the dimensions of the cylinder that has the least amount of surface area.,75.39822,434,nonlinear-notable,The surface area of the cylinder
prob_436,prob_436,"East Oak Designs are famous for its high-end furniture. Each sofa produced by East Oak Designs nets the company a profit of $400. Each kitchen cabinet yields a $1200 profit. Every week, 100 gallons of lacquer and 300 lengths of high-quality oak are available. Each sofa requires approximately 3 gallon of lacquer and 10 length of oak. Each kitchen cabinet takes 10 gallon of lacquer and 24 lengths of wood. What should the production plan for East Oak Designs to make a maximum profit?",12800,435,linear-notable,The maximum profit
prob_437,prob_437,"A farm grows three types of crops: C1, C2, and C3, and a new type of crop C4. They need to determine the areas to allocate for each crop. For C2, the profit per acre is $120, the water usage per acre is 600 gallons, and the labor cost per acre is $40. For C3, the profit per acre is $140, the water usage per acre is 700 gallons, and the labor cost per acre is $50. For C4, the profit per acre is $160, the water usage per acre is 800 gallons, and the labor cost per acre is $60. The farm has limited resources for water and labor. The farm wants to maximize the profit efficiency (profit per gallon of water used). The farm has a limited water supply of 100,000 gallons. The farm has a budget of $10,000 for labor costs. The farm has a total land area of 200 acres, and he wants to use at least 50 acres in total. For C1, the profit per acre is $100, the water usage per acre is 500 gallons, and the labor cost per acre is $30.",0.14,436,nonlinear-notable,Profit Efficiency
prob_438,prob_438,"A company is planning to optimize its energy consumption by investing in three types of renewable energy sources: Solar, Wind, and Hydro. The company aims to balance cost efficiency with environmental impact. The cost and environmental impact score for producing one unit of each type of energy are given in the following Table. | Energy Source | Cost per Unit | Environmental Impact Score | |---------------|---------------|----------------------------| | Solar | $500 | 3 | | Wind | $300 | 2 | | Hydro | $400 | 4 | The company has a budget of $150,000 for energy investments. The company aims to produce at least 360 units of energy in total. The company wants to ensure that at least 100 units of energy come from each source. The company wants to minimize the Cost-Impact ratio of the investment, which is defined as the total cost of energy production divided by the total environmental impact score.",125,437,nonlinear-table,Cost-Impact Ratio
prob_439,prob_439,A tasty burrito is to be made from units of beans and onions and is to contain a minimum of 110 units of spice and 80 units of flavor. Beans cost $6 per unit and onion cost $8 per unit. One unit of beans contains 10 units of spice and 3 units of flavor. One unit of onions contains 2 units of spice and 6 units of flavor. Formulate this as an LP and find the minimum cost burrito that can be made.,130,438,linear-notable,The minimum cost
prob_440,prob_440,"A logistics company operates three types of vehicles: TruckX, TruckY, and TruckZ. The company needs to decide how many trips each type of vehicle should make in the next month to optimize its operations. Additionally, the company can invest in upgrading the vehicles to improve their fuel efficiency and capacity, which affects the operational cost and revenue per trip. The initial revenue per trip for TruckX is $1,000, but with upgrades, the revenue increases by $100 per trip for every $500 invested in upgrades. The initial revenue per trip for TruckY is $1,500, and with upgrades, the revenue increases by $150 per trip for every $500 invested in upgrades. The initial revenue per trip for TruckZ is $2,000, and with upgrades, the revenue increases by $200 per trip for every $500 invested in upgrades. The company aims to maximize the total revenue from all vehicle trips. The operational cost for each trip of TruckX is $500, for TruckY is $750, and for TruckZ is $1,000. The company has a total budget of $100,000 for operational costs and vehicle upgrades. The total number of trips that can be made in the next month is limited to 200. Due to maintenance schedules, TruckX can make no more than 50 trips, and TruckY can make no more than 70 trips. The revenue per trip increases with the amount of upgrade investment for each vehicle type.",1102500,439,nonlinear-notable,Total Revenue
prob_441,prob_441,"A car manufacturer ships their cars on large and small planes. A large plane can carry 30 cars while a small plane can carry 10 cars. Since large planes cause more pollution, the number of large planes must be less than the number of small planes. If the manufacturer wants to deliver at least 300 cars, find the minimum number of planes that can be used.",16,440,linear-notable,The total number of planes
prob_442,prob_442,"A farm grows five types of crops: A, B, C, D, and E. The farm needs to decide how much of each crop to plant this season. For Crop B, the selling price is $25 per ton, the cost of seeds is $7 per ton, and the required labor hours are 4 hours per ton. For Crop C, the selling price is $30 per ton, the cost of seeds is $9 per ton, and the required labor hours are 5 hours per ton. For Crop D, the selling price is $35 per ton, the cost of seeds is $11 per ton, and the required labor hours are 6 hours per ton. For Crop E, the selling price is $40 per ton, the cost of seeds is $13 per ton, and the required labor hours are 7 hours per ton. The farm aims to maximize the rate at which it earns profits (which is defined as the sum of the selling profit divided by the sum of the labor hours). The farm has $9900 available for seed costs this season. The farm wants to plant at least 20 tons of each crop this season. The farm wants to limit the total labor hours to at most 900 hours this season. For Crop A, the selling price is $20 per ton, the cost of seeds is $5 per ton, and the required labor hours are 3 hours per ton.",4.5550611790878754,441,nonlinear-notable,Max Profit Rate
prob_443,prob_443,"A seafood factory packages fish meat and shrimp meat. All packages must pass through a weight checking machine and a packaging inspection machine. In a week, each machine is available for at most 1200 minutes. A package of fish meat requires 3 minutes in the weight checking machine and 15 minutes in the packaging inspection machine. A package of shrimp meat requires 1.5 minutes in the weight checking machine and 7 minutes in the packaging inspection machine. A package of fish meat generates a profit of $7 while a package of shrimp generates a profit of $3. Formulate an LP to maximize profit.",560,442,linear-notable,The maximum profit
prob_444,prob_444,"A rectangular box with a square base, an open top, and a volume of 216in^3 is to be constructed. What should the dimensions of the box be to minimize the surface area of the box? What is the minimum surface area?",171.43931313635517,443,nonlinear-notable,The minimum surface area of the box
prob_445,prob_445,"You are selling a product. The price ($) must be integer. Marketing tells you that if you set the price of an item at $10 then you will be unable to sell it, but that you can sell 500 items for each dollar below $10 that you set the price. Suppose your fixed costs total $3000, and your marginal cost is $2 per item. What is the most profit you can make?",37000,444,nonlinear-notable,The maximum profit you can make
prob_446,prob_446,"A food truck sells tacos and burritos. To stay in business, they must sell at least 50 tacos and at least 30 burritos. However, they only have enough supplies to make at most 80 tacos and at most 50 burritos. Given their tight schedule, they can also cook at most 100 items total. The profit per taco is $3 and the profit per burrito is $6. How many of each item should they sell to maximize profit?",450,445,linear-notable,Total profit
prob_447,prob_447,You need to construct a cylinder with a hemispherical top. The container's volume is at least 100 cubic units. The hemispherical top has the same radius as the cylinder. The cost per unit area of the top is twice as great as the cost per unit area of the side. And the cost per unit area of the bottom is 1.5 times the cost per unit area of the side. Please find the height and radius of the cylinder that minimizes the cost of the container.,152.3236937205567,446,nonlinear-notable,The minimum cost of the container
prob_448,prob_448,"Suppose a company manufactures two products, A and B, using three inputs: labor, material R, and material S. The demands for the products are such that the company can sell as much of each product as it can produce and earn a profit of $3 per unit of A and $4 per unit of B. However, only 900 pounds of R, 675 pounds of S, and 1200 person-hours of labor are available to the company each day. Maximize profit. Table (The amount of each input required to make one unit of product): | Input | Product A | Product B | | ----------- | --------- | --------- | | Material R | 6 pounds | 12 pounds | | Material S | 7.5 pounds| 4.5 pounds| | Labor | 9 hours | 6 hours |",364,447,linear-table,The maximum profit
prob_449,prob_449,"A school employs staff and substitute teachers. Per shift, staff teachers work 6 hours and get paid $300. Per shift, substitute teachers work 3 hours and get paid $100. For the summer term, the school requires 1000 hours of teaching availability. If the school has a budget of $40000, how many of each teacher should be hired to minimize the total number of teachers?",268,448,linear-notable,The total number of teachers
prob_450,prob_450,"A logistics company is managing the distribution of three types of goods (GoodA, GoodB, and GoodC) across multiple regions. The company needs to decide the number of trucks to allocate for each type of good and the number of trips each truck will make. Additionally, the company is considering using a fleet of drones to assist in the delivery of goods, especially in hard-to-reach areas. The company has a total of 20 trucks available. The company can make a maximum of 100 trips per day. The company has a budget of $3000 for operating costs per day. The cost of operating a truck per trip is $500, and the revenue generated per trip is $1000. The cost of operating a drone per trip is $100, and the revenue generated per trip is $300. The company wants to maximize the total net profit from all goods.",180000,449,nonlinear-notable,Total Net Profit
prob_451,prob_451,"A neighbourhood pizza restaurant has opened and sells pizzas in two sizes; large pizza and medium pizza. Large pizzas require 12 units of dough, and 5 units of toppings. Medium pizzas require 8 units of dough, and 4 units of toppings. While large pizzas take 12 minutes to bake, medium pizzas require 8 minutes to bake. The neighbourhood pizza restaurant must use at least 10000 units of dough and 4400 units of toppings. Medium pizzas are popular due to a promotion, therefore, at least 200 medium pizzas must be made. There are regulars that prefer large pizzas and at least two times as many large pizzas should be made than medium pizzas. How many of each size of pizzas should the neighbourhood pizza restaurant make to reduce time spent baking?",10060,450,linear-notable,The total time spent baking
prob_452,prob_452,William is a potato farmer and he has to send his product to the city. He can transport his potato packages by regular truck which can take 70 packages per trip or by refrigerated truck which can take 100 packages per trip. The cost per regular truck trip is $50 and the cost per refrigerated truck trip is $70. He wants to spend at most $5000 and the number of refrigerated truck trips must not exceed the number of regular truck trips. Formulate an LP to maximize the number of potato packages that can be transported.,44,451,linear-notable,The number of regular truck trips
prob_453,prob_453,"A summer painting company employs students earning $200 a week and full-time employees earning $500 a week. The company needs at least 100 painters of whom at 30 must be full-time employees. In addition, to make sure there is enough experience, the number of full-time employees should be at least half the number of students. Formulate a LP to minimize the wage bill.",30200,452,linear-notable,The total wage bill
prob_454,prob_454,"A car rental company charges its customers p dollars per day, where 60≤p≤150. The price should be an integer. It has found that the number of cars rented per day can be modeled by the linear function n(p)=750−5p. How much should the company charge each customer to maximize revenue?",28125,453,nonlinear-notable,The maximum revenue
prob_455,prob_455,"A sand company delivers sand for playgrounds in small and large containers. A small container requires 1 person to unload and can hold 20 units of sand. A large container requires 3 people to unload and can hold 50 units of sand. Since most playgrounds are small, the number of small containers used must be thrice the number of large containers used. In addition, there must be at least 5 small containers and 3 large containers used. If the company has 100 people available, maximize the amount of sand that they can deliver.",48,454,linear-notable,The number of small containers
prob_456,prob_456,"A senior home has snacks of spinach and soybeans to increase their intake of iron. A cup of spinach contains 100 units of fibre and 5 mg of iron. A cup of soybeans contains 80 units of fibre and 12 mg of iron. Due to other nutritional requirements, the nurses decided that the number of cups of spinach must exceed the number of cups of soybeans. Furthermore, a cup of spinach contains 30 calories while a cup of soybeans contains 100 calories. If they schedule that the elderly need in total at least 12000 units of fibre and 300 mg of iron, how many cups of each should the nurses schedule to maximize the seniors’ total caloric intake?",0,455,linear-notable,The total caloric intake
prob_457,prob_457,"A singer has two types of concerts he can hold, pop and R&B. Each pop concert will bring in 100 audience members and take 2 days of practice. Every R&B concert brings in 240 audience members and takes 4 days of practice. The singer must bring in at least 10000 audience members and only has available 180 days for practice. If he can at most perform 40% of his concerts as R&B because he likes pop songs more, how many of each type of concert should be created to minimize the total number of concerts?",65,456,linear-notable,The total number of concerts
prob_458,prob_458,You need to find a rectangle. The area of the rectangle is 100. Please provide the dimensions of the rectangle that minimizes the perimeter.,40,457,nonlinear-notable,The minimum perimeter of the rectangle
prob_459,prob_459,"A production company needs to transport their equipment and staff for a movie they are shooting using large mobile production units or small mobile production units. Large mobile production units can hold 6 people and takes up 2 parking spots whereas small mobile production units can hold only 2 people and takes up 1 parking spot. Movie stars prefer to have their small mobile production unit to share with a close staff, therefore at least 5 units must be small mobile units. However, due to logistic limitations, large mobile production units are more space efficient per spot, they must make up at least 75% of all vehicles. If the movie needs to transport 80 people, minimize the total number of parking spots required by this production.",35,458,linear-notable,The total number of parking spots required
prob_460,prob_460,"You are designing a poster to contain a fixed area of 100 square inches, and have margins of 2 inches at the top and bottom and 1 inch at the sides. Find the ratio of vertical dimension to horizontal dimension of the printed area on the poster if you want to minimize the amount of posterboard needed.",164.5685424949238,459,nonlinear-notable,The minimum area of paper used
prob_461,prob_461,"The weather is freezing and the fish in the pond need to be transported either by helicopter or car. A helicopter can take 30 fish per trip and takes 40 minutes. A car can take 20 fish per trip and takes 30 minutes. Since helicopter trips are expensive, there can be at most 5 helicopter trips. In addition, at least 60% of the trips should be by car. If at least 300 fish need to transported, how many of each trip should be taken to minimize the total time needed?",430,460,linear-notable,The total time needed
prob_462,prob_462,"A zookeeper feeds a gorilla with bananas and mangoes. Each banana contains 80 calories, 20 grams of potassium, and 10 grams of sugar. Each mango contains 100 calories, 15 grams of potassium, and 8 grams of sugar. The gorilla must consume at least 4000 calories and 150 grams of potassium. Since the gorilla prefers bananas, at most 33% of the fruits he eats can be mangoes. If excess sugar makes the gorilla aggressive, how many of each fruit should he consume to minimize his sugar intake?",456,461,linear-notable,The total sugar intake
prob_463,prob_463,"A audio company make two types of headphones: wired headphones and wireless headphones. Two different teams make each type of headphones. The wired team can make at most 100 wired headphones per day and the wireless team can make at most 170 wireless headphones per day. Both teams require use of a shared audio testing machine, and this machine can be used to make a maximum of 150 headphones per day. The profit per wired headphone is $50 and the profit per wireless headphone $20. How many of each headphone should be made to maximize profit?",6000,462,linear-notable,Total profit
prob_464,prob_464,"A tropical city full of islands sends mail either by submarine or by boat. A submarine can carry 100 pieces of mail per trip and uses 30 liters of gas. A boat can carry 80 pieces of mail per trip and uses 25 liters of gas. There can be at most 6 submarine trips and a minimum of 50% of the trips must be by boat. If the city needs to transport at least 1000 pieces of mail, how many of each transportation should they use to minimize the total amount of gas used?",310,463,linear-notable,The total amount of gas used
prob_465,prob_465,"An oil and gas company is sending their oil to the port using containers and trucks. A container can hold 30 units of oil while a truck can hold 40 units of oil. Due to government restrictions, the number of trucks used has to at most half the number of containers used. If at least 2000 units of oil need to be sent to the port and at least 15 containers need to be used, minimize the total number of containers and trucks needed.",60,464,linear-notable,The total number of containers and trucks
prob_466,prob_466,"You have 800 ft of fencing to make a pen for hogs. If you have a river on one side of your property, what is the dimension of the rectangular pen that maximizes the area?",80000,465,nonlinear-notable,The maximum area of the pen
prob_467,prob_467,"A city is planning to build parks in five different neighborhoods (A, B, C, D, E) to improve the quality of life and environmental sustainability. The cost and benefits of building a park in each neighborhood vary. The cost of building a park in neighborhood B is $70,000, and the environmental benefit is 150 EcoPoints. The cost of building a park in neighborhood C is $60,000, and the environmental benefit is 120 EcoPoints. The cost of building a park in neighborhood D is $80,000, and the environmental benefit is 180 EcoPoints. The cost of building a park in neighborhood E is $90,000, and the environmental benefit is 200 EcoPoints. The city wants to maximize the total environmental benefit while minimizing the total cost. The objective is to maximize the benefit-to-cost ratio. The city has a budget of $1,000,000 for park construction. At least one park must be built in each neighborhood. The total number of parks built should not exceed 15. The cost of building a park in neighborhood A is $50,000, and the environmental benefit is 100 EcoPoints.",0.0022121212121212126,466,nonlinear-notable,Benefit-to-Cost Ratio
prob_468,prob_468,"There are two specialized containers, a small and large one, that are used to make a pharmaceutical paste. The small container requires 10 units of water and 15 units of the powdered pill to make 20 units of the paste. The large container requires 20 units of water and 20 units of the powdered pill to make 30 units of the paste. The pharmacy has available 500 units of water and 700 units of the powdered pill. How many of each container should be used to maximize the amount of paste that can be made?",40,467,linear-notable,The number of small containers
prob_469,prob_469,A farmer decides to move his cows to a nearby farm using helicopters and trucks. A helicopter can take 3 cows per trip and creates 5 units of pollution. A truck can take 7 cows per trip and creates 10 units of pollution. The farmer needs to transport 80 cows and he only has enough money for at most 8 truck trips. How many of each type of trip should be taken to minimize the total amount of pollution produced?,120,468,linear-notable,Total amount of pollution produced
prob_470,prob_470,"A logistics company is managing the distribution of three types of goods: GoodsX, GoodsY, and GoodsZ. The company needs to determine the number of trucks allocated to each type of goods and the number of trips per truck for each type of goods will make in the upcoming month. For ease of management, the number of trips per truck is the same for all trucks of the same type of goods. Additionally, the company can invest in fuel-efficient upgrades for all trucks, which will reduce fuel costs per trip. The company has a total of 50 trucks available for the month. The total investment in fuel efficiency upgrades cannot exceed $60,000. Due to operational constraints, each truck can make no more than 20 trips in the month. The company must ensure that at least 10 trucks are allocated to GoodsX and 15 trucks to GoodsY. The fuel cost per trip of all trucks decreases by $10 for every $10,000 invested in fuel efficiency upgrades. The initial fuel cost per trip for GoodsX is $200, for GoodsY is $250, and for GoodsZ is $300. The revenue generated per trip is $500 for GoodsX, $600 for GoodsY, and $700 for GoodsZ. The company aims to maximize the total profit from all goods.",425000,469,nonlinear-notable,Total Profit
prob_471,prob_471,Jordan is a chef. He wants to design a diet consisting of Kebabs and Rice. Assume that each serving of Rice costs $3 and contains 300 calories and 4.5 grams of protein. Assume that each serving of Kebab costs $2 and contains 200 calories and 4 grams of protein. He's interested in spending as little money as possible but he wants to ensure that his meals have at least 2200 calories and at least 30 grams of protein per day. Formulate a linear programming problem that will help minimize the cost of the diet.,22,470,linear-notable,The total cost of the diet
prob_472,prob_472,An open-topped glass aquarium with a square base is designed to hold more than 62.5 cubic feet of water. What is the minimum possible exterior surface area of the aquarium?,75,471,nonlinear-notable,The minimum possible exterior surface area of the aquarium
prob_473,prob_473,"A car manufacturer makes two types of car oils: Oil Max and Oil Max Pro. A container of Oil Max contains 46 grams of substance A, 43 grams of substance B and 56 grams of substance C. A container of Oil Max Pro contains 13 grams of substance A, 4 grams of substance B and 45 grams of substance C. The car manufacturer has 1345 grams of substance A, 346 grams of substance B, 1643 grams of substance C. In addition, the profit per container of Oil Max is $10 and the profit per container of Oil Max Pro is $15. How many containers of each of oil should the car manufacturer make to maximize profit?",540,472,linear-notable,The total profit
prob_474,prob_474,"Eric is a world-famous wood artist. He manufactures two types of decors made of oak. The first product, a display shelf, requires 25 minutes each for carving and 20 minutes each for polishing. The second decor is a plant stand and it requires 20 minutes each for carving and 10 minutes each for polishing. There are 350 minutes available for carving and 600 for polishing. The profit is $55 each for the display shelf and $45 for each plant stand. How many decors of each type should the artist create in order to maximize his profit?",785,473,linear-notable,Total profit
prob_475,prob_475,"A theme park transports its visitors around the park either by scooter or rickshaw. A scooter can carry 2 people while a rickshaw can carry 3 people. To avoid excessive pollution, at most 40% of the vehicles used can be rickshaws. If the park needs to transport at least 300 visitors, minimize the total number of scooters used.",125,474,linear-notable,The total number of vehicles used
prob_476,prob_476,"A lawn mowing service provides neighborhood services using small teams and large teams. A small team requires 3 employees and can mow 50 sq ft of lawn. A large team requires 5 employees and can mow 80 sq ft of lawn. The company has 150 employees available. Because most people have smaller lawns in the city, the number of small teams must be at least 3 times as much as the number of large teams. In addition, to make sure the company can meet all demands, there has to be at least 6 large teams and at least 10 small teams. How many of each team type should be used to maximize the amount of lawn that can be mowed?",2480,475,linear-notable,The total amount of lawn that can be mowed
prob_477,prob_477,There are six cities (cities 1-6) in Kilroy County. The county must determine where to build fire stations. The county wants to build the minimum number of fire stations needed to ensure that at least one fire station is within 15 minutes (driving time) of each city. The times (in minutes) required to drive between the cities in Kilroy County are shown in the following Table. Tell Kilroy how many fire stations should be built and where they should be located. Table (Time Required to Travel between Cities in Kilroy County): | From / To | City 1 | City 2 | City 3 | City 4 | City 5 | City 6 | |-----------|--------|--------|--------|--------|--------|--------| | City 1 | 0 | 10 | 20 | 30 | 30 | 20 | | City 2 | 10 | 0 | 25 | 35 | 20 | 10 | | City 3 | 20 | 25 | 0 | 15 | 30 | 20 | | City 4 | 30 | 35 | 15 | 0 | 15 | 25 | | City 5 | 30 | 20 | 30 | 15 | 0 | 14 | | City 6 | 20 | 10 | 20 | 25 | 14 | 0 |,2,476,linear-table,The optimal number of fire stations to be built is
prob_478,prob_478,"A doctor recommends that a man eat burgers and pizza in order to put on weight. Each burger contains 10 units of fat and 300 calories. Each slice of pizza contains 8 units of fat and 250 calories. The man must get at least 130 units of fat and 3000 calories. Further, each burger contains 12 units of cholesterol while each slice of pizza contains 10 units of cholesterol. Since burgers are slightly more expensive, the man decides to eat at least twice as many slices of pizza as burgers. How many of each should he eat to minimize his cholesterol intake?",160,477,linear-notable,The minimum cholesterol intake
prob_479,prob_479,"A daycare center has children they must pick up and can use two types of vehicles: bus or a personal car. A bus can carry 9 children while a personal car can carry 4 children. The daycare has to pick up at least 100 children. Additionally, due to limitations of pollution, there must be more buses than personal cars. But some children require extra attention. Therefore, there must be at least 5 personal cars. How many of each form of transportation should the daycare center schedule for to minimize the total number of vehicles?",14,478,linear-notable,The total number of vehicles
prob_480,prob_480,"A tech company is planning to launch four new software products: AppX, AppY, AppZ, and AppW. They need to decide how many development teams to allocate to each product for the upcoming quarter. Additionally, the company is considering outsourcing some of the development work to external contractor teams. For product APPY, the Estimated Revenue per Team (for both company teams and contractor trams) is $150,000, the Development Cost per company Team is $80,000, the Development Cost per External Contractor is $100,000, and the Marketing Cost per Team (for both company teams and contractor trams) is $30,000. For product APPZ, the Estimated Revenue per Team (for both company teams and contractor trams) is $200,000, the Development Cost per company Team is $100,000, the Development Cost per External Contractor is $120,000, and the Marketing Cost per Team (for both company teams and contractor trams) is $40,000. For product APPW, the Estimated Revenue per Team (for both company teams and contractor trams) is $120,000, the Development Cost per company Team is $70,000, the Development Cost per External Contractor is $90,000, and the Marketing Cost per Team (for both company teams and contractor trams) is $25,000. The company wants to maximize the average net profit per team (for both company teams and contractor trams). The company has a total of 30 development teams available for the quarter. Due to market research, the company knows that AppX must have at least twice as many development teams as AppY. The company has a budget of $2,500,000 for marketing costs and external contractors for the quarter. The company wants to ensure that each product has at least one team working on it. Due to cooperation agreements, the company should hire at least 9 external contractors in total. For product APPX, the Estimated Revenue per Team (for both company teams and contractor trams) is $100,000, the Development Cost per company Team is $60,000, the Development Cost per External Contractor is $80,000, and the Marketing Cost per Team (for both company teams and contractor trams) is $20,000.",52948.71794871795,479,nonlinear-notable,Average Net Profit per Team
prob_481,prob_481,"Dorian Auto has a $20,000 advertising budget. Dorian can purchase full-page ads in two magazines: Inside Jocks (IJ) and Family Square (FS). An exposure occurs when a person reads a Dorian Auto ad for the first time. The number of exposures generated by each ad in IJ and FS is detailed in the following Table. Each full-page ad in either magazine costs $1,000. Assume there is no overlap in the readership of the two magazines. Formulate an LP to maximize the number of exposures that Dorian can obtain with limited advertising funds. Table (The number of exposures generated by each ad): | Magazine | Ads 1-6 | Ads 7-10 | Ads 11-15 | Ads 16+ | | -------- | -------- | -------- | --------- | ------- | | IJ | 10,000 | 3,000 | 2,500 | 0 | | FS | 8,000 | 6,000 | 2,000 | 0 | For example, 8 ads in IJ would generate 6(10,000) + 2(3,000) = 66,000 exposures, and 13 ads in FS would generate 4(8,000) + 8(6,000) + 1(2,000) = 82,000 exposures.",146000,480,linear-table,The maximum number of exposures
prob_482,prob_482,A woman has $5000 to invest in her sisters' companies. She can invest in her younger sister's company and her elder sister's company. Each dollar invested in her younger sister's company yields a profit of $0.05 while each dollar invested in her elder sister's company yields a profit of $0.08. She wants to invest a minimum of 40% of her investment into her younger sister's company and at least $2000 in her elder sister's company. How much money should she invest in each to maximize her profit?,340,481,linear-notable,The maximum profit from the investment
prob_483,prob_483,"A bakery produces four types of pastries: Croissant, Danish, Muffin, and Tart. The bakery needs to decide how many units of each pastry to produce for the upcoming holiday season. For Danish, the selling price is $4, the cost of ingredients is $2, and the production time is 20 minutes. For Muffin, the selling price is $2.5, the cost of ingredients is $0.8, and the production time is 10 minutes. For Tart, the selling price is $5, the cost of ingredients is $3, and the production time is 25 minutes. The bakery has a limited production capacity and aims to maximize the total profit per hour of production. The bakery has a budget of $500 for ingredients. The bakery wants to produce at least 50 units of each pastry. The bakery has a total production time limit of 80 hours. For Croissant, the selling price is $3, the cost of ingredients is $1, and the production time is 15 minutes.",7.574999999999999,482,nonlinear-notable,Total Profit per Hour
prob_484,prob_484,"Your Lego furniture company makes Tables and Chairs. Below, you are given the starting inventory, selling price, and Bill of Materials (recipe, or construction requirements). You are to determine the number of Tables and Chairs to be built to maximize revenue. You must make 4 chairs for every table. Large wood per table is 3, small wood per table is 2, large wood per chair is 1, small wood per chair 4, revenue per table is $35, revenue per chair is $29, large wood inventory is 300 and small wood inventory is 500. The goal will be the revenue generated by your production plan - rounded to the nearest whole dollar.",4077,483,linear-table,The total revenue generated
prob_485,prob_485,"To graduate from Basketweavers University with a major in operations research, a student must complete at least two math courses, at least two OR courses, and at least two computer courses. Some courses can be used to fulfill more than one requirement, and some courses are prerequisites for others. Minimizes the number of courses needed to satisfy the major requirements. Table (Courses and their corresponding requirement fulfillment): | Course Name | Fulfills Math Requirement | Fulfills OR Requirement | Fulfills Computer Requirement | Prerequisite For | | ------------------------------ | ------------------------- | ----------------------- | ----------------------------- | --------------------------- | | Calculus | Yes | No | No | Business Statistics | | Operations Research | Yes | Yes | No | None | | Data Structures | Yes | No | Yes | None | | Business Statistics | Yes | Yes | No | Forecasting | | Computer Simulation | No | Yes | Yes | None | | Introduction to Computer Programming | No | No | Yes | Computer Simulation, Data Structures | | Forecasting | Yes | Yes | No | None |",4,484,linear-table,The minimum number of courses needed
prob_486,prob_486,"A city is planning to build parks in five different neighborhoods (A, B, C, D, E) to improve the quality of life and environmental sustainability. The cost and benefits of building a park in each neighborhood vary. The city wants to maximize the total environmental benefit while minimizing the total cost, aiming to maximize the benefit-to-cost ratio. The cost, environmental benefit, and other constraints for each neighborhood are given in the following Table. | Neighborhood | Cost per Park | Environmental Benefit (EcoPoints) | |--------------|---------------|----------------------------------| | A | $50,000 | 100 | | B | $70,000 | 150 | | C | $60,000 | 120 | | D | $80,000 | 180 | | E | $90,000 | 200 | The city has a budget of $1,000,000 for park construction. At least one park must be built in each neighborhood. The total number of parks built should not exceed 15.",0.0022121212121212126,485,nonlinear-table,Benefit-to-Cost Ratio
prob_487,prob_487,"A company has four different production facilities and needs to allocate resources (labor and machinery) to each facility to maximize production efficiency. The total number of laborers available across all facilities is 100. The total number of machinery units available across all facilities is 50. Each facility can have a maximum of 30 laborers. Each facility can have a maximum of 20 machinery units. Each facility must have at least 5 laborers and 3 machinery units. The company propose the production efficiency score. The production efficiency score of each facility is determined by a non-linear function that depends on the number of laborers and machinery. The efficiency score function is given by: Efficiency = (L^2 * M) / (L + M), where L is the number of laborers and M is the number of machinery units. The company aims to maximize the total efficiency score across all facilities.",949.163898708422,486,nonlinear-notable,Total Efficiency Score
prob_488,prob_488,"A company which manufactures canoes employs 120 employees, each of whom working 30 hours per week. Half of them work in the carpenter department, 20 persons in the plastics department, and the rest of them at the completion department. The company manufactures the simple canoes with net unit profit _ 7 and the luxury canoes with corresponding profit _ 10. A simple canoe requires 4.5 hours in the carpenter department and two hours in each of the other two departments. The working hours for each luxury canoe are 5, 1 and 4 at the carpenter department, plastics department and completion department respectively. Marketing calculations have shown that not less than 1/3 and not more than 2/3 of the total number of the canoes should be luxurious. How will the company maximize its overall net profit?",3300,487,linear-notable,The maximum overall net profit
prob_489,prob_489,You need to construct a fence around an area of 1600 ft. What are the dimensions of the rectangular pen to minimize the amount of material needed?,160,488,nonlinear-notable,The amount of material needed
prob_490,prob_490,"A company plans to operate three types of transportation services, each serving a different type of cargo (Electronics, Textiles, and Food). The company needs to determine the number of vehicles to allocate for each cargo type, and the number of trips in each type of service per vehicle. For ease of management, the company decided to have the same number of trips per vehicle for the same type of service. The transportation cost per trip and the revenue per trip for each cargo type are given in the following Table. | Cargo Type | Transportation Cost per Trip | Revenue per Trip | |------------|------------------------------|------------------| | Electronics | $100 | $200 | | Textiles | $80 | $160 | | Food | $120 | $240 | The company has a total of 20 vehicles available. The company has a budget of $1500 for transportation costs per day. The company has a daily operational capacity of 100 trips in terms of the number of trips it can handle per day. For Electronics, each vehicle can make at most 5 trips per day. For Textiles, each vehicle can make at most 6 trips per day. For Food, each vehicle can make at most 4 trips per day. The company wants to maximize the total profit per day.",1500,489,nonlinear-table,Total Profit per day
prob_491,prob_491,There are six cities (cities 1-6) in Kilroy County. The county must determine where to build fire stations. The county wants to build the minimum number of fire stations needed to ensure that at least one fire station is within 15 minutes (driving time) of each city. The times (in minutes) required to drive between the cities in Kilroy County are shown in the following Table. Formulate a linear problem that will tell Kilroy how many fire stations should be built and where they should be located. Table (Time Required to Travel between Cities in Kilroy County): | From / To | City 1 | City 2 | City 3 | City 4 | City 5 | City 6 | |-----------|--------|--------|--------|--------|--------|--------| | City 1 | 0 | 10 | 20 | 30 | 30 | 20 | | City 2 | 10 | 0 | 25 | 35 | 20 | 10 | | City 3 | 20 | 25 | 0 | 15 | 30 | 20 | | City 4 | 30 | 35 | 15 | 0 | 15 | 25 | | City 5 | 30 | 20 | 30 | 15 | 0 | 14 | | City 6 | 20 | 10 | 20 | 25 | 14 | 0 |,2,490,linear-table,The optimal number of fire stations to be built is
prob_492,prob_492,"The Southfork Feed Company makes a feed mix from four ingredients-oats, corn, soybeans, and a vitamin supplement. The company has 300 pounds of oats, 400 pounds of corn, 200 pounds of soybeans, and 100 pounds of vitamin supplements for the mix. The company has the following requirements for the mix: At least 30% of the mix must be soybeans. (constraint 1) At least 20% of the mix must be the vitamin supplement. (constraint 2) The ratio of corn to oats cannot exceed 2 to 1. (constraint 3) The amount of oats cannot exceed the amount of soybeans. (constraint 4) The mix must weigh at least 500 pounds. (constraint 5) A pound of oats costs $0.50; a pound of corn, $1.20; a pound of soybeans, $0.60; a pound of vitamin supplement, $2.00. The feed company wants to know the number of pounds of each ingredient to put in the mix in order to minimize the total costs.",420,491,linear-notable,The total cost of the mix
prob_493,prob_493,"A researcher is outsourcing annotations and has two options: a specialized third-party or a common third-party annotation company. The specialized company can annotate at a rate of 60 images per hour whereas the common company can annotate at a rate of 40 images per hour. However, the specialized company charges $100 per hour and the common company charges $72 per hour. The researcher has deadlines to meet and must complete a dataset of at least 10,000 images. They also have some special images that only the specialized company can annotate. Therefore, at least a third of work must be allocated to the specialized company. How should the researcher distribute the annotations to the two companies to minimize the cost of annotating the whole dataset?",16666.667,492,linear-notable,The total cost
prob_494,prob_494,"A shoe company supplies shoes to stores via vans and trucks. A van can transport 50 pairs of shoes while a truck can transport 100 pairs of shoes. The company must supply a minimum of 2000 pairs of shoes around the city. Since most stores are small, the number of trucks used cannot exceed the number of vans used. Find the minimum number of vans that can be used?",14,493,linear-notable,The number of vans used
prob_495,prob_495,"Glueco produces three types of glue on two different production lines. Each line can be utilized by up to seven workers at a time. Workers are paid $500 per week on production line 1, and $900 per week on production line 2. A week of production costs $1,000 to set up production line 1 and $2,000 to set up production line 2. During a week on a production line, each worker produces the number of units of glue shown in the following Table. Each week, at least 120 units of glue 1, at least 150 units of glue 2, and at least 200 units of glue 3 must be produced. Formulate an LP to minimize the total cost of meeting weekly demands. Table (The number of units of glue produced by each worker on each production line during a week): | Glue Type | Production Line 1 | Production Line 2 | | ---------- | ----------------- | ----------------- | | Glue 1 | 20 | 50 | | Glue 2 | 30 | 35 | | Glue 3 | 40 | 45 |",5900,494,linear-table,The total cost
prob_496,prob_496,"A hospital prepares batches of medication patches and anti-biotic creams. Each medication patch requires 3 minutes to prepare and 5 units of materials. Each anti-biotic cream requires 5 minutes to prepare and 6 units of materials. Since anti-biotic creams are used more often, there must be at least twice as many anti-biotic creams as medication patches. Due to storage reasons, the hospital can make at most 100 batches of medication patches and anti-biotic creams in total. The hospital has available 400 minutes of staff to spare and 530 units of materials. If each batch of medication patches can treat 3 people and each batch of anti-biotic cream can treat 2 people, how many batches of each should be made to maximize the number of people that can be treated?",30,495,linear-notable,The number of medication patches
prob_497,prob_497,"A farmer has 500 acres of land to grow turnips and pumpkins. Turnips require 50 minutes of watering and $80 worth of pesticide per acre. Pumpkins require 90 minutes of watering and $50 worth of pesticide per acre. The farmer has 40000 minutes available for watering and $34000 available to spend on pesticide. If the revenue per acre of turnips is $300 and the revenue per acre of pumpkins is $450, how many acres of each should he grow to maximize his revenue.",206250,496,linear-notable,The maximum revenue that can be generated
prob_498,prob_498,"In a cold region, a train service offers heated seats and regular seats. The train has 100 seats available. The trains reserves at least 15 seats to be heated. However, at least 3 times as many people prefer regular seats to heated seats. If the profit per heated seat is $20 and the profit per regular seat is $15, how many of each seat type should be sold to maximize profit?",1625,497,linear-notable,Total profit
prob_499,prob_499,"A factory packages glass jars and plates. Glass jars take 15 minutes of worker time and 3 units of cardboard. Plates take 12 minutes of worker time and 4 units of cardboard. The factory has 620 minutes of worker time available and 120 units of cardboard available. If the profit per glass jar packaged is $2 and the profit per plate packaged is $2.50, how many of each should they package to maximize profit?",80,498,linear-notable,The maximum profit
prob_500,prob_500,"You want to fence in a rectangular garden next to a house. Suppose you have 30 feet of fencing. You want the largest possible garden, so you decide to use one wall of the house as a border and use the fencing for the other three sides. What should the dimensions of the rectangle be?",112.5,499,nonlinear-notable,The area of the garden
prob_501,prob_501,"Dorian Auto has a $20,000 advertising budget. Dorian can purchase full-page ads in two magazines: Inside Jocks (IJ) and Family Square (FS). An exposure occurs when a person reads a Dorian Auto ad for the first time. The number of exposures generated by each ad in IJ is as follows: ads 1-6, 10,000 exposures; ads 7-10, 3,000 exposures; ads 11-15, 2,500 exposures; ads 16+, 0 exposures. For example, 8 ads in IJ would generate 6(10,000) + 2(3,000) = 66,000 exposures. The number of exposures generated by each ad in FS is as follows: ads 1-4, 8,000 exposures; ads 5-12, 6,000 exposures; ads 13-15, 2,000 exposures; ads 16+, 0 exposures. Thus, 13 ads in FS would generate 4(8,000) + 8(6,000) + 1(2,000) = 82,000 exposures. Each full-page ad in either magazine costs $1,000. Assume there is no overlap in the readership of the two magazines. Maximize the number of exposures that Dorian can obtain with limited advertising funds.",146000,500,linear-notable,The maximum number of exposures
prob_502,prob_502,"International Wool Company operates a large farm on which sheep are raised. The farm manager determined that for the sheep to grow in the desired fashion, they need at least minimum amounts of four nutrients (the nutrients are nontoxic so the sheep can consume more than the minimum without harm). The manager is considering three different grains to feed the sheep. The table below lists the number of units of each nutrient in each pound of grain, the minimum daily requirements of each nutrient for each sheep, and the cost of each grain. The manager believes that as long as a sheep receives the minimum daily amount of each nutrient, it will be healthy and produce a standard amount of wool. The manager wants to raise the sheep at minimum cost. The columns of table are nutrient name, nutrient unit in the three different grains, and Minimum Daily Requirement (unit). The rows = [Nutrient A, 20, 30, 70, 110], [Nutrient B, 10, 10, 0, 18], [Nutrient C, 50, 30, 0, 90], [Nutrient D, 6, 2.5, 10, 14]. The prices of grain nutrient A, B and C are 41,36, 96, respectively.",148.61089482,501,linear-table,The minimum cost
prob_503,prob_503,"A small bakery has 20000 grams of batter and 14000 grams of milk to make their crepe cakes, sponge cakes, and birthday cakes. A crepe cake needs 400 grams of batter and 200 grams of milk. A sponge cake requires 500 grams of batter and 300 grams of milk. A birthday cake requires 450 grams of batter and 350 grams of milk. If the profit per crepe cake is $12, the profit per sponge cake is $10, and the profit per birthday cake is $15, how many of each should the bakery make to maximize their profit?",648,502,linear-notable,Total profit
prob_504,prob_504,"A manufacturing company produces three types of electronic devices: DeviceA, DeviceB, and DeviceC. The company needs to decide the number of units to produce for each device and the amount to invest in research and development (R&D) to optimize its profit. The profit per unit of each device and its relationship with R&D investment are given in the following Table. | Device | Profit per Unit | Effect of R&D Investment | |--------|-----------------|---------------------------| | DeviceA | $100 | Decreases by $0.5 for every $1000 spent on R&D | | DeviceB | $150 | Increases by $0.2 for every $1000 spent on R&D | | DeviceC | $200 | No effect of R&D investment | The company has a production capacity limit of 1000 units in total for all devices. Due to market demand, the number of DeviceA units produced must be at least twice the number of DeviceB units. The company has a budget of $50,000 for R&D investment. The company aims to maximize total profit, which is calculated as the sum of the profits from each device minus the R&D investment.",200000,503,nonlinear-table,Total Profit
prob_505,prob_505,"A company is planning to launch five new products (Product A, Product B, Product C, Product D, and Product E) in the market. Each product requires a different level of investment and has varying potential profits and market risks. For Product B, the profit per unit is $70, the market risk is 5%, and the production cost per unit is $30. For Product C, the profit per unit is $60, the market risk is 4%, and the production cost per unit is $25. For Product D, the profit per unit is $80, the market risk is 6%, and the production cost per unit is $40. For Product E, the profit per unit is $90, the market risk is 7%, and the production cost per unit is $50. The company wants to maximize the Profit-Risk ratio of the investment. (The Profit-Risk ratio is defined as the total profit divided by the total market risk of cost.) The company has a budget of $50,000 for all product launches. The company must invest at least $20,000 in all products combined. The company wants to produce at least 500 units of Product A. For Product A, the profit per unit is $50, the market risk is 3%, and the production cost per unit is $20.",83.33333333333337,504,nonlinear-notable,Profit-Risk Ratio
prob_506,prob_506,"A city is planning to install solar panels in various locations to optimize energy production and minimize environmental impact. The locations are categorized into five zones (Zone A, Zone B, Zone C, Zone D, Zone E). The efficiency of solar panels varies by zone due to different levels of sunlight and environmental conditions. The city aims to maximize the profit per square meter of solar panels. The details of each zone are given in the following Table. | Zone | Energy Generation (kWh/day) | Maintenance Cost ($/day) | Area Covered (sq.m) | |--------|-----------------------------|--------------------------|---------------------| | A | 100 | 2 | 1 | | B | 120 | 3 | 1.5 | | C | 150 | 4 | 2 | | D | 130 | 3.5 | 1.75 | | E | 110 | 2.5 | 1.25 | The energy market price is $0.10 per kWh. The city has a budget of $10,000 per day for maintenance. The total area available for installation is 500 square meters. The minimum energy requirement for the city is 10,000 kWh per day. The city needs to determine the number of solar panels to install in each zone to meet these constraints while maximizing the profit per square meter of solar panels.",8,505,nonlinear-table,Profit per Square Meter
prob_507,prob_507,"Both subsoil and topsoil need to be added to a garden bed. One bag of subsoil requires 10 units of water to hydrate while one bag of topsoil requires 6 units of water to hydrate every day. The truck used to transport the dirt has limited capacity and therefore, the farmer has available 150 bags of topsoil and subsoil combined. In addition, at least 10 bags of topsoil must be used. Since the topsoil is more expensive, at most 30% of all bags of soil can be topsoil. How many bags of each should be bought to minimize the total amount of water required to hydrate the garden bed?",300,506,linear-notable,The total amount of water required
prob_508,prob_508,A manufacturer can sell product 1 at a profit of $2/unit and product 2 at a profit of $5/unit. The amount of raw material required to manufacture each product and the setup costs for production are detailed in the following Table. A total of 120 units of raw material are available. Formulate an LP to maximize profits. Table (Raw material required for manufacturing and setup costs): | Product Type | Raw Material Required (units per product unit) | Setup Cost (if produced) | | ------------ | --------------------------------------------- | ------------------------ | | Product 1 | 3 | $10 | | Product 2 | 6 | $20 |,80,507,linear-table,The total profit
prob_509,prob_509,"The Kalo Fertilizer Company produces two brands of lawn fertilizer—Super Two and Green Grow—at plants in Fresno, California, and Dearborn, Michigan. The Fresno plant has resources available to produce up to 5,000 pounds of fertilizer daily, while the Dearborn plant can produce up to 6,000 pounds daily. The cost per pound of producing each brand at each plant, the maximum daily demand for each product, and the selling price per pound are provided in the following Table. The company has a daily budget of $45,000 for both plants combined. Based on past sales, the maximum demand (converted to a daily basis) is 6,000 pounds for Super Two and 7,000 pounds for Green Grow. The company wants to know the number of pounds of each brand of fertilizer to produce at each plant in order to maximize profit. Table (Cost per pound of production, maximum daily demand, and selling price per item): | Product | Plant | Cost per Pound | Max Demand Available/day | Selling Price per Pound | |------------|-----------|----------------|--------------------------|------------------------| | Super Two | Fresno | $2 | 5,000 lbs/day | $9/lb | | Super Two | Dearborn | $4 | 6,000 lbs/day | $9/lb | | Green Grow | Fresno | $2 | 5,000 lbs/day | $7/lb | | Green Grow | Dearborn | $3 | 6,000 lbs/day | $7/lb |",60000,508,linear-table,The maximum profit
prob_510,prob_510,"A city is planning to build five different types of public facilities: a library, a community center, a park, a sports complex, and a museum. The city council wants to optimize the allocation of resources to maximize the overall utility of these facilities. - Library: U_lib = 100 * Libraries^0.5 - Community Center: U_cc = 150 * CommunityCenters^0.6 - Park: U_park = 200 * Parks^0.7 - Sports Complex: U_sc = 250 * SportsComplexes^0.8 - Museum: U_museum = 300 * Museums^0.9 The city council wants to maximize the total utility of all facilities. The city has a budget of $500,000 to spend on these facilities. The cost to build each type of facility is: - Library: $50,000 - Community Center: $75,000 - Park: $100,000 - Sports Complex: $125,000 - Museum: $150,000 The city has a land constraint that limits the total number of facilities that can be built. The maximum number of facilities allowed is 5. The city council has a policy that at least one of each type of facility must be built. The utility of each facility is determined by a non-linear function based on the number of facilities built. The utility functions are as follows:",1000,509,nonlinear-notable,Total Utility
prob_511,prob_511,"A store sells two salad bowls. The individual salad contains 5 units of lettuce, 2 units of tomatoes, and 2 units of sauce. The family-sized salad contains 18 units of lettuce, 6 units of tomatoes, and 5 units of sauce. The store has available 220 units of lettuce, 150 units of tomatoes, and 140 units of sauce. If the profit per individual salad is $4 and the profit per family-sized salad is $7, how many of each should they sell to maximize profit?",176,510,linear-notable,The maximum profit
prob_512,prob_512,"A car manufacturer makes two versions of the same car, a regular model and a premium model. They make x1 regular models per day and x2 premium models per day. The profit per regular model is $5000 and the profit per premium model is $8500 (x1 and x2 are unknown values both greater than or equal to 0). The daily demand for these cars is limited to and most 8 regular models and 6 premium models. In addition, the manufacturer can make a maximum of 12 cars of either type per day. How many cars of each model should the manufacturer make in order to maximize profit?",81000,511,linear-notable,The total profit
prob_513,prob_513,We want to build a box whose base length is 6 times the base width and the box will enclose 20 in3. The cost of the material of the sides is $3/in2 and the cost of the top and bottom is $15/in2. Determine the dimensions of the box that will minimize the cost.,287.7028115678059,512,nonlinear-notable,The minimum surface area of the box:
prob_514,prob_514,"A logistics company is managing the distribution of three types of goods: GoodsX, GoodsY, and GoodsZ. The company needs to decide how many trucks to allocate for each type of good and how much to invest in route optimization software to optimize delivery efficiency and minimize costs. The relationship between investment in route optimization and the cost per truck for each type of good is given in the following Table. | Goods | Initial Cost per Truck | Reduction per $100 Investment | |-------|------------------------|-------------------------------| | GoodsX | $1,000 | $10 | | GoodsY | $1,200 | $12 | | GoodsZ | $1,500 | $15 | The company has a total of 50 trucks available for allocation. The budget for route optimization software is $10,000. Due to contractual obligations, the company must allocate at least 10 trucks for GoodsX and 15 trucks for GoodsY. The company aims to minimize the total delivery cost for all goods.",10000,513,nonlinear-table,Total Cost
prob_515,prob_515,"A gardener has 50 acres available for growing lavender and tulips. The gardener must grow at least 5 acres of lavender and at least 8 acres of tulips. Even though lavenders sell better, the gardener can grow at most twice the amount of lavender as tulips. If the profit per acre of lavender is $250 and the profit per acre of tulips is $200, how many acres of each should be grown to maximize profit?",11666.666650000001,514,linear-notable,Total profit
prob_516,prob_516,"A rain gutter is to be constructed from sheet metal with a wide of 50 cm. The gutter is formed by bending the metal sheet at two points, each 10 cm from the ends. Find the angle of those bends that will result in the maximum water-carrying capacity.",314.8801297874825,515,nonlinear-notable,The maximum water-carrying capacity
prob_517,prob_517,"A company seeks to deliver an ad with a limited budget, The Exposure (people/ad or commercial), Cost for Television Commercial are 20,000 $15,000. For Radio Commercial are 2,000 6,000. Newspaper Ad are 9,000 4,000. The Budget limit $100,000, television time for four commercials, Radio time for 10 commercials, Newspaper space for 7 ads. Resources for no more than 15 commercials and/or ads. How to maximize the exposure people with the budget?",147000,516,linear-notable,The maximum exposure
prob_518,prob_518,A farm has to transport their chickens. They can either be transported by train or by truck. Each train trip can take 500 chicken while each truck trip can take 300 chicken. The cost per train trip is $100 and the cost per truck trip is $80. The farm has a budget of $2000 and the number of train trips cannot exceed the number of truck trips. How many of each trip should be taken to maximize the number of chickens that can be transported?,11,517,linear-notable,The number of train trips
prob_519,prob_519,You need to design a n open-topped glass aquarium with a square base. The aquarium should hold more than 62.5 cubic feet of water. What is the minimum possible exterior surface area of the aquarium?,75,518,nonlinear-notable,The minimum possible exterior surface area of the aquarium
prob_520,prob_520,"A patient with weak bones has been told to drink milk and eat cheese in order to meet his calcium and vitamin D requirements. In one serving of milk, there are 10 grams of calcium and 5 grams of Vitamin D. In one serving of cheese, there are 8 grams of calcium and 6 grams of vitamin D. The patient must get at least 100 grams of calcium and 80 grams of Vitamin D per day. If a serving of milk costs $2 and a serving of cheese costs $4, how many servings of each should the patient eat to minimize cost?",32,519,linear-notable,Total cost
prob_521,prob_521,"Grain is transported from a farm to local grocery stores in either large bags or tiny bags. Large bags can hold 25 kg of grain and requires 4 units of energy to transport. Tiny bags can hold 6 kg of grain and requires 1.5 units of energy to transport. The distribution process has access to 110 units of energy. Because of popularity of buying in bulk, there must be twice as many large bags as tiny bags of rice. Additionally, there must be at least 20 tiny bags of rice. How many of each size of rice bags should be used to maximize the total amount of grain in weight?",620,520,linear-notable,The total weight of grain transported
prob_522,prob_522,"A grandmother knits blankets and sweaters for her community. A blanket requires 30 units of yarn and 5 hours of knitting. A sweater requires 20 units of yarn and 4 hours of knitting. The grandmother has 200 units of yarn available and 40 hours of knitting available. If the profit per blanket is $5.50 and the profit per sweater is $5, how many of each should she knit to maximize her profit?",50,521,linear-notable,The maximum profit
prob_523,prob_523,"An oil and gas company has two types of pipes, a high-volume and a low-volume one. Every day, the high-volume pipe allows 10000 US gallons and it is recommended that 12 technicians closely monitor the pipes to ensure that it is functioning properly. Each day, the low-volume pipe allows 5000 US gallons and 5 technicians should closely monitor for safety reasons. Every day, the oil and gas company needs to meet the demands of at least 150000 US gallons of gas and they have 160 technicians that are on their staff. Since the high-volume pipe has a higher risk of environmental damage, at most 35 percent of the pipes can be high-volume ones. Additionally, there must be a minimum of 8 low-volume pipes. How many of each pipe types should be used to reduce the total number of pipes required?",25,522,linear-notable,Total number of pipes
prob_524,prob_524,"A bakery produces three types of pastries: Classic, Gourmet, and Vegan. The bakery needs to determine the quantities of each pastry to produce daily. Additionally, the bakery has a choice to either use regular ingredients or premium ingredients for each type of pastry. For Gourmet pastries, the profit per unit with regular ingredients is $4, and with premium ingredients is $5. For Vegan pastries, the profit per unit with regular ingredients is $3, and with premium ingredients is $4. The bakery wants to maximize the total daily profit from selling the pastries. The bakery has a daily supply of 100 kg of regular ingredients and 50 kg of premium ingredients. Per unit of each pastry, the regular ingredients required are 0.5 kg for Classic, 0.8 kg for Gourmet, and 0.6 kg for Vegan. The premium ingredients required are 0.8 kg for Classic, 1.2 kg for Gourmet, and 1 kg for Vegan. The bakery has a daily production capacity of 200 pastries. The market has a demand limit for each pastry. For Classic, the demand limit is 150 pastries. For Gourmet, the demand limit is 100 pastries. For Vegan, the demand limit is 80 pastries. For Classic pastries, the profit per unit with regular ingredients is $2, and with premium ingredients is $3.",686,523,nonlinear-notable,Total Profit
prob_525,prob_525,"A company has four different production facilities and needs to allocate resources (labor and machinery) to each facility to maximize production efficiency. The production efficiency score of each facility is determined by a non-linear function that depends on the number of laborers and machinery. The efficiency score function is given by: Efficiency = (L^2 * M) / (L + M), where L is the number of laborers and M is the number of machinery units. The company aims to maximize the total efficiency score across all facilities. The company has a total of 100 laborers and 50 machinery units available across all facilities. Each facility can have a maximum of 30 laborers and 20 machinery units. Each facility must also have at least 5 laborers and 3 machinery units. The objective function to maximize is the sum of the efficiency scores at each facility: Maximize (L1^2 * M1) / (L1 + M1) + (L2^2 * M2) / (L2 + M2) + (L3^2 * M3) / (L3 + M3) + (L4^2 * M4) / (L4 + M4), where L1, L2, L3, L4 are the number of laborers at facilities 1, 2, 3, 4 respectively, and M1, M2, M3, M4 are the number of machinery units at facilities 1, 2, 3, 4 respectively. Constraints are as follows: 1. L1 + L2 + L3 + L4 <= 100 (total number of laborers across all facilities) 2. M1 + M2 + M3 + M4 <= 50 (total number of machinery units across all facilities) 3. L1 <= 30; L2 <= 30; L3 <= 30; L4 <= 30 (maximum laborers per facility) 4. M1 <= 20; M2 <= 20; M3 <= 20; M4 <= 20 (maximum machinery units per facility) 5. L1 >= 5; L2 >= 5; L3 >= 5; L4 >= 5 (minimum laborers per facility) 6. M1 >= 3; M2 >= 3; M3 >= 3; M4 >= 3 (minimum machinery units per facility)",949.163898708422,524,nonlinear-table,Total Efficiency Score
prob_526,prob_526,"You need to find the largest volume of a circular cylinder inside asphere. The radius of the sphere is 1. Please provide the volume, and the shape of the cylinder that will give the largest volume.",2.418400326515517,525,nonlinear-notable,The maximum volume of the cylinder
prob_527,prob_527,"A cruise company can either have two types of trips, a large cruise ship or a small cruise ship. A large cruise ship trip can carry 2000 customers and produces 20 units of pollution. A small cruise ship trip can carry 800 customers and produces 15 units of pollution. There can be at most 7 large cruise ship trips and at least 40% of the total trips must be made by small cruise ships. If the cruise company aims to transport at least 20000 customers, how many of each size of cruise ships should the company use to minimize the total amount of pollution produced?",260,526,linear-notable,Total amount of pollution produced
prob_528,prob_528,"A baker melts milk and dark chocolate together to create a new mixture. The mixture must contain at least 120 units of cacao and 80 units of sugar. Each milk chocolate piece contains 3 units of cacao and 2 units of sugar. Each dark chocolate piece contains 4 units of cacao and 1 unit of sugar. If the cost per milk chocolate piece is $0.50 and the cost per dark chocolate piece is $0.75, how many of each should the baker buy to minimize costs?",20,527,linear-notable,The total cost
prob_529,prob_529,"A chocolate company can transport their boxes of chocolate either using their own vans or by renting trucks. Their vans can transport 50 boxes per trip while a truck can transport 80 boxes per trip. Since they own their vans, the cost per van trip is $30 while the cost per truck trip is $50. The company needs to transport at least 1500 boxes of chocolate and they have a budget of $1000. Since the vans also provide advertising, the number of trips by van must be larger than the number of trips by trucks. How many of trip by each should be done to minimize the total number of trips?",24,528,linear-notable,The total number of trips
prob_530,prob_530,"A company plans to operate three types of transportation services, each serving a different type of cargo (Electronics, Textiles, and Food). The company needs to determine the number of vehicles to allocate for each cargo type, and the number of trips in each type of service per vehicle. For ease of management, the company decided to have the same number of trips per vehicle for the same type of service. For Textiles, the transportation cost per trip is $80, and the revenue per trip is $160. For Food, the transportation cost per trip is $120, and the revenue per trip is $240. The company wants to maximize the total profit per day. The company has a total of 20 vehicles available. The company has a budget of $1500 for transportation costs per day. The company has a daily operational capacity of 100 trips in terms of the number of trips it can handle per day. For Electronics, each vehicle can make at most 5 trips per day. For Textiles, each vehicle can make at most 6 trips per day. For Food, each vehicle can make at most 4 trips per day. For Electronics, the transportation cost per trip is $100, and the revenue per trip is $200.",1500,529,nonlinear-notable,Total Profit per day
prob_531,prob_531,A breakfast joint makes two different sandwiches: a regular and a special. Both need eggs and bacon. Each regular sandwich requires 2 eggs and 3 slices of bacon. Each special sandwich requires 3 eggs and 5 slices of bacon. The joint has a total of 40 eggs and 70 slices of bacon. It makes a profit of $3 per regular sandwich and a profit of $4 per special sandwich. How many of each sandwich should be made to maximize profit?,60,530,linear-notable,Total profit
prob_532,prob_532,"An electronics store wants to optimize how many phones and laptops are enough to keep in inventory. A phone will earn the store $120 in profits, and a laptop will earn $40. A phone requires 1 sq ft of floor space, whereas a laptop requires 4 sq ft. In total, 400 sq ft of floor space is available. The store stocks only phones and laptops. Corporate has required that at least 80% of all appliances in stock be laptops. Finally, a phone costs $400 for the store, and a laptop, $100. The store wants to spend at most $6000. Formulate an LP that can be used to maximize the store's profit.",2400,531,linear-notable,Total profit
prob_533,prob_533,"A hospital purchases two pills available for the patients to take one at a time. One pill is taken as a prevention and another is taken for treatment. The prevention pill takes 15 dollars to make while the treatment pill takes 25 dollars to make. Since the prevention pill is in higher demand, the hospital must purchase at least two times as many prevention pills as treatment pills. In addition, the hospital must purchase at least 50 treatment pills. If the clinic only has a budget of 10000 dollars, maximize the number of patients that can be treated.",633,532,linear-notable,The total number of patients that can be treated
prob_534,prob_534,"A food truck makes apple and orange smoothies. It takes 6 minutes on the cutting machine and 3 minutes on the blending machine to make an apple smoothie. It takes 5 minutes on the cutting machine and 2 minutes on the blending machine to make an orange smoothie. The profit per apple smoothie is $3.5 and the profit per orange smoothie is $4.5. If both the cutting machine and blending machine are available for at most 500 minutes per day, how many of each smoothie should be made to maximize profit?",450,533,linear-notable,Total profit
prob_535,prob_535,"A snow removal company removes snow from neighborhoods using small trucks and large trucks. A small truck requires 2 people to shovel the snow and can carry 30 units of snow. A large truck require 4 people to shovel the snow and car carry 50 units of snow. The company has available 60 people. In addition, because some neighbourhood don’t allow big trucks, at least 10 trucks must be small. There must be at least 3 large trucks as well and the number of small trucks must be twice as much as the number of large trucks. How many of each truck should be used to maximize the total amount of snow that can be transported?",14,534,linear-notable,The number of small trucks
prob_536,prob_536,"A fruit store wants to liquidate its stock of 30 lemons, 40 mangos, and 50 pears. Given past experience, the store knows that they can propose a mango-lovers package with 4 lemons and 8 mangos and that this package will bring a profit of 5 euros. Similarly, they can prepare a regular package with 3 lemons, 5 mangos, and 10 pears, yielding a profit of 6.5 euros. They know they can sell any quantity of these two packages within the availability of its stock. What quantity of each package, mango-lovers packages and regular packages, should the store prepare to maximize net profit?",37.5,535,linear-notable,Net profit
prob_537,prob_537,You have 400 ft of fencing to construct a rectangular pen for cattle. What are the dimensions of the pen that maximize the area?,10000,536,nonlinear-notable,The maximum area of the pen
prob_538,prob_538,"Luke has 200 hectares available to grow carrots and pumpkins. He prefers to plant more carrots than pumpkins, but the soil and weather conditions allow him to grow at most twice the amount of carrots to that of pumpkins. In addition, he must grow at least 25 hectares of carrots and at least 20 hectares of pumpkins to meet community demands. If the profit per hectare of carrots is $300 and the profit per hectare of pumpkins is $500, how many hectares of each item should he plant to maximize profit? What is this profit?",95000,537,linear-notable,Total Profit
prob_539,prob_539,"A bakery produces four types of pastries: Croissant, Danish, Muffin, and Tart. The bakery needs to decide how many units of each pastry to produce for the upcoming holiday season. The selling price, cost of ingredients, and production time for each pastry are given in the following Table. | Pastry | Selling Price | Cost of Ingredients | Production Time | |---------|---------------|---------------------|-----------------| | Croissant | $3 | $1 | 15 minutes | | Danish | $4 | $2 | 20 minutes | | Muffin | $2.5 | $0.8 | 10 minutes | | Tart | $5 | $3 | 25 minutes | The bakery has a budget of $500 for ingredients. The bakery wants to produce at least 50 units of each pastry. The bakery has a total production time limit of 80 hours. The bakery has a limited production capacity and aims to maximize the total profit per hour of production.",7.574999999999999,538,nonlinear-table,Total Profit per Hour
prob_540,prob_540,"A researcher must perform two types of experiments, in-vivo and ex-vivo. In-vivo experiments requires 30 minutes to prepare and 60 minutes to execute. Ex-vivo experiments require 45 minutes to prepare and 30 minutes to execute. In addition, in-vivo experiments gives the researcher 2 units of radiation while ex-vivo experiments give the researcher 3 unites of radiation. At most 400 minutes can be used for preparation and 500 minutes for execution of the experiment. How many of each experiment should be scheduled by the researcher to minimize the total radiation received by the researcher?",0,539,linear-notable,Total radiation received
prob_541,prob_541,"A brewery can ferment their product into either wine or kombucha. Each unit of wine requires 3 units of fruit and 8 units of water. Each unit of kombucha requires 5 units of fruit and 7 units of tea. The company has available 7000 units of water and 9000 units of tea. Wine sells for more, therefore the number of wine must be larger than the number of kombucha. Additionally, at least 20% of their products made must be kombucha. How many of each should the brewery make to minimize the total units of fruit required?",0,540,linear-notable,The total units of fruit required
prob_542,prob_542,"A bakery produces four types of pastries: Croissant, Danish, Baguette, and Tart. They need to determine the quantities of each pastry to produce to maximize their profit while considering the cost of ingredients and the demand from customers. The bakery has a limited supply of flour, which is a key ingredient in all pastries. Each Croissant requires 50 g of flour, each Danish requires 70 g, each Baguette requires 60 g, and each Tart requires 80 g. The total available flour is 50000 g. The bakery faces a demand limit for each type of pastry. The demand limit for Croissant is 300 units, for Danish is 250 units, for Baguette is 200 units, and for Tart is 150 units. The bakery has a production capacity of 700 units in terms of the total number of pastries it can produce. The profit per unit for Croissant is $3, for Danish is $4, for Baguette is $5, and for Tart is $6. Due to economies of scale, the profit per unit increases by $0.02 for each pastry type if the production exceeds 100 units. The bakery aims to maximize the total profit from selling the pastries.",4900,541,nonlinear-notable,Total Profit
prob_543,prob_543,"An aquarium does shows using otters and dolphins. An otter will do 3 tricks at a time and requires 3 treats to do so. A dolphin will do 1 trick at a time and requires 5 treats to do so. Since dolphins are more popular, at least 10 dolphins must be used and at most 30% of the performers can be otters. If the aquarium only has 200 treats available, maximize the total number of tricks that can be preformed.",13,542,linear-notable,The number of otters
prob_544,prob_544,"Deutchlander Machine Company (DMC) makes two types of printing presses: a four-color litho and a two-color litho. Demand for both products is booming and exceeds DMC's ability to satisfy it. Most raw materials are plentiful, but production is limited by three factors: a shortage of steel rollers, gear cutting capacity, and roller polishing capacity. Each four-color press requires 16 rollers, and each two-color press requires 8 rollers. The four-color presses require 30 hours of gear cutting and 8 hours of polishing time, and the two-color presses require 12 hours of gear cutting and 3 hours of polishing time. DMC is able to buy 100 rollers per week, and it has 160 hours of gear cutting time and 40 hours of polishing time available per week. To avoid harming long-term sales, DMC does not want to raise prices. At current prices DMC will earn a profit of DM24,000 on each four-color press made and DM10,000 on each two-color press made. So as not to abandon either product market, DMC also wants to produce at least two units of each press each week. Maximize its profit.",128000,543,linear-notable,The maximum profit
prob_545,prob_545,"A city is planning to install solar panels in various locations to optimize energy production and minimize environmental impact. The locations are categorized into five zones (Zone A, Zone B, Zone C, Zone D, Zone E). In Zone A, each panel generates 100 kWh of energy per day with a maintenance cost of $2 per day, each panel covers an area of 1 square meter. In Zone B, each panel generates 120 kWh of energy per day with a maintenance cost of $3 per day, each panel covers an area of 1.5 square meters. In Zone C, each panel generates 150 kWh of energy per day with a maintenance cost of $4 per day, each panel covers an area of 2 square meters. In Zone D, each panel generates 130 kWh of energy per day with a maintenance cost of $3.5 per day, each panel covers an area of 1.75 square meters. In Zone E, each panel generates 110 kWh of energy per day with a maintenance cost of $2.5 per day, each panel covers an area of 1.25 square meters. The energy market price is $0.10 per kWh. The city aims to maximize the the profit per square meters of solar panels. The city has a budget of $10,000 per day for maintenance. The total area available for installation is 500 square meters. The minimum energy requirement for the city is 10,000 kWh per day. The efficiency of solar panels varies by zone due to different levels of sunlight and environmental conditions.",8,544,nonlinear-notable,Profit per Square Meter
prob_546,prob_546,"A hospital hires ultrasound technicians and graduate researchers to image patients. An ultrasound technician works 8 hours per shift while a graduate researcher works 5 hours per shift. Ultrasound technicians are paid $300 per shift while graduate researchers are paid $100 per shift. However, due to regulations, there must be twice as many ultrasound technician shifts than graduate researcher shifts. Currently, the hospital needs 100 hours of ultrasound services to meet needs. If the hospital has a budget of $14000, how many of each worker certified to use the ultrasound should be scheduled to reduce the total number of workers?",13,545,linear-notable,The number of ultrasound technicians
prob_547,prob_547,"A company is planning to optimize its production of five different products (Product A, Product B, Product C, Product D, and Product E) to maximize profit while considering the environmental impact of production. The profit per unit and the environmental impact per unit for each product are given in the following Table. | Product | Profit per Unit | Environmental Impact per Unit | |---------|-----------------|-------------------------------| | A | $50 | 10 units | | B | $70 | 15 units | | C | $60 | 12 units | | D | $80 | 20 units | | E | $90 | 18 units | The company has a total production capacity of 1500 units across all products. The company must produce at least 200 units of Product A and 300 units of Product B to fulfill contractual obligations. The total environmental impact should not exceed 20,000 units. The company wants to maximize the Profit-Impact ratio, where the Profit-Impact ratio is defined as the total profit divided by the total environmental impact.",4.925000000000026,546,nonlinear-table,Profit-Impact Ratio
prob_548,prob_548,"Deutchlander Machine Company (DMC) manufactures two types of printing presses: a four-color litho and a two-color litho. Demand for both products is high and exceeds DMC's production capacity. The production is constrained by the availability of steel rollers, gear cutting capacity, and roller polishing capacity. The following Table details the requirements for each type of press. DMC can acquire 100 steel rollers per week, has 160 hours available for gear cutting, and 40 hours for roller polishing each week. To maintain market presence without increasing prices, DMC aims to produce at least two units of each press weekly. The profit for each four-color press is DM24,000 and for each two-color press is DM10,000. Formulate a linear program to maximize DMC's profit. Table (Resource requirements for each type of printing press): | Printing Press Type | Steel Rollers Required | Gear Cutting Time (hours) | Polishing Time (hours) | Profit per Unit (DM) | | ------------------- | ---------------------- | ------------------------- | ---------------------- | -------------------- | | Four-color litho | 16 | 30 | 8 | 24,000 | | Two-color litho | 8 | 12 | 3 | 10,000 |",128000,547,linear-table,The maximum profit
prob_549,prob_549,"Suppose a company manufactures two products, A and B, using three inputs: labor, material R, and material S. The demands for the products are such that the company can sell as much of each product as it can produce and earn a profit of $3 per unit of A and $4 per unit of B. However, only 900 pounds of R, 675 pounds of S, and 1200 person-hours of labor are available to the company each day. Formulate the company's problem as a linear program to maximize profit. Table (The amount of each input required to make one unit of product): | Input | Product A | Product B | | ----------- | --------- | --------- | | Material R | 6 pounds | 12 pounds | | Material S | 7.5 pounds| 4.5 pounds| | Labor | 9 hours | 6 hours |",364,548,linear-table,The maximum profit
prob_550,prob_550,Let us suppose that we want to put four items in a knapsack that can hold up to 12 kg. The weight and the value associated with each of the items are listed in the following Table. We need to decide which items to put in so as to maximize the total value of the knapsack. Table (The weight and value of each item): | Item | Weight (kg) | Value | | ---- | ----------- | ----- | | 1 | 3 | 15 | | 2 | 6 | 25 | | 3 | 5 | 12 | | 4 | 5 | 10 |,40,549,linear-table,The maximum total value of the knapsack
prob_551,prob_551,"A cleaning company located in Edmonton wants to get the best exposure possible for promoting their new dishwashing detergent without exceeding their $900000 advertising budget. To do so, the company decides to spend their money on two forms of advertising: (1) radio ads and (2) social media ads. Each radio ad costs $5,000; each social media ad costs $9,150. The expected exposure, based on industry ratings, is 60,500 viewers for each radio ad. Additionally, the expected exposure for each social media ad is 50,000 viewers. The company decides that at least 15 but no more than 40 radio ads should be ordered, and that at least 35 social media ads should be contracted. How many ads of each type should be run to obtain maximum exposure while staying within the budget?",6220000,550,linear-notable,The total viewers reached
prob_552,prob_552,"A hobbyist makes model trains and planes using wood and paint. A model train requires 3 units of wood and 3 units of paint. A model plane requires 4 units of wood and 2 units of paint. The hobbyist has available 120 units of wood and 90 units of paint. If the profit per model train is $8 and the profit per model plane is $10, how many of each should be made to maximize his profit?",310,551,linear-notable,The total profit
prob_553,prob_553,"A lighting company makes desk-lamps and night-lamps. There is an expected demand of at least 30 desk-lamps and 50 night-lamps each day. However, due to the size of their factory, they can make at most 150 desk-lamps and 180 night-lamps per day. To satisfy a contract, a minimum of 100 lamps must be made each day. If the profit per desk-lamp sold is $5 and the profit per night-lamp sold is $8, how many lamps of each type should be made to maximize profit?",2190,552,linear-notable,The total profit
prob_554,prob_554,"You need to construct a box with with square base. The bottom and top consist of two layers of cardboard, and the sides consist of one layer of cardboard. The box should hold a volume of at least 200 cubic inches. Find the dimensions of the box that requires the least material.",205.19711284322852,553,nonlinear-notable,The minimum surface area of the box
prob_555,prob_555,"A doctor recommends her patient eat more fish and chicken to increase her protein and iron intake. Each fish meal contains 10 units of protein and 12 units of iron. Each chicken meal contains 15 units of protein and 8 units of iron. The patient needs to consume at least 130 units of protein and 120 units of iron. Since the chicken meal is less expensive, the patient prefers to consume at least twice as many chicken meals as fish meals. If each fish meal contains 7 units of fat and each chicken meal contains 10 units of fat, how many meals of each should she eat to minimize her fat intake?",118,554,linear-notable,The total fat intake
prob_556,prob_556,"You need to create a rectangular box with a square base and an open top. The volume of the box must be at least 1000 cubic centimeters. The material for the base costs $2 per square centimeter, and the material for the sides costs $1 per square centimeter. Find the dimensions that will minimize the cost of the box.",600,555,nonlinear-notable,The minimum cost of the box
prob_557,prob_557,"You have a garden row of 20 watermelon plants that produce an average of 30 watermelons apiece. For any additional watermelon plants planted, the output per watermelon plant drops by one watermelon. How many extra watermelon plants should you plant?",625,556,nonlinear-notable,The maximum total output of watermelons
prob_558,prob_558,"You are designing an office space with two types of desks: long desks and short desks. You can spend at most $2000. Long desks cost $300, take up 10 square feet of space, and seat 6 employees. Short desks cost $100, take up 4 square feet of space, and seat 2 employees. The office can have at most 200 square feet of desks. How many of each desk should you buy in order to maximize the seating availability?",0,557,linear-notable,The number of long desks
prob_559,prob_559,"A company plans to construct three types of production lines, each producing a certain type of product (Sugar, Flour, and Oil). For ease of management, the company decided to have the same number of workers on each production line. The company needs to determine the number of production lines to construct for each product, and the number of workers to assign to each type of production line. For Flour, the material cost per unit is $7, and the selling price per unit is $15, and production number per worker per day is 80 units. For Oil, the material cost per unit is $9, and the selling price per unit is $20, and production number per worker per day is 60 units. The company wants to maximize the total profit per day. The company has a total of 100 workers available. The company has a budget of $5000 for material costs per day. The company has a production capacity of 1000 units in terms of the number of units it can produce per day. For Sugar, the material cost per unit is $5, and the selling price per unit is $10, and production number per worker per day is 100 units.",10560,558,nonlinear-notable,Total Profit per day
prob_560,prob_560,"Bob Fashion produces two types of lipsticks: cream lipsticks and matte lipsticks. The profit per cream lipstick is $70 and the profit per matte lipstick is $100. It takes 3.5 hours to produce the raw materials for one cream lipstick, 5 hours to mix and 2 hours in packing. It takes 5 hours to produce the raw materials for one matte lipstick, 3 hours to mix and 1.5 hours in packing. Per month, 300 hours are available for preparing the raw materials, 400 hours for mixing and 200 hours for packing the lipsticks. How many of each type of lipstick should be produced in order to maximize the total monthly profit?",6000,559,linear-notable,The total monthly profit
prob_561,prob_561,"A flooring company produces engineered laminate planks and carpets. The chief marketer reports an expected demand of at least 15,000 square feet of laminate planks and 5,000 square feet of carpets each week. The shipping contract requires a total of at least 50,000 square feet of products each week. However, due to a shortage of raw materials, no more than 40,000 square feet of laminate planks and 20,000 square feet of carpets can be produced weekly. If a square foot of laminate planks produces a $2.1 profit and a square foot of carpets yields a $3.3 profit, how many of each type of product should be made weekly to maximize the company's profit?",150000,560,linear-notable,The total profit
prob_562,prob_562,"Suppose a company manufactures two products, A and B, using three inputs, labor, material R, and materials S. To make one unit of product A requires 6 pounds of R, 7.5 pounds of S, and 9 person-hours of labor; to make one unit of product B requires 12 pounds of R, 4.5 pounds of S, and 6 person-hours of labor. The demands for the products are such that the company can sell as much of each product as it can produce and earn a profit of $3 per unit of A and $4 per unit of B. However, only 900 pounds of R, 675 pounds of S, and 1200 person-hours of labor are available to the company each day. Maximize profit.",364,561,linear-notable,The maximum profit
prob_563,prob_563,"You need to construct a cylinder. The surface area of the cylinder is at most 50 square units, including the top and the bottom. Find the shape of the cylinder that maximizes the volume.",27.14458472592633,562,nonlinear-notable,The maximum volume of the cylinder
prob_564,prob_564,"A logistics company operates three types of vehicles: TruckX, TruckY, and TruckZ. The company needs to decide how many trips each type of vehicle should make in the next month to optimize its operations. Additionally, the company can invest in upgrading the vehicles to improve their fuel efficiency and capacity, which affects the operational cost and revenue per trip. The revenue per trip increases with the amount of upgrade investment for each vehicle type. The initial revenue per trip and the increase in revenue per trip with upgrades for each vehicle type are given in the following Table. | Vehicle | Initial Revenue per Trip | Increase in Revenue per Trip with Upgrades | |---------|--------------------------|-------------------------------------------| | TruckX | $1,000 | $100 per $500 invested | | TruckY | $1,500 | $150 per $500 invested | | TruckZ | $2,000 | $200 per $500 invested | The operational cost for each trip of TruckX is $500, for TruckY is $750, and for TruckZ is $1,000. The company has a total budget of $100,000 for operational costs and vehicle upgrades. The total number of trips that can be made in the next month is limited to 200. Due to maintenance schedules, TruckX can make no more than 50 trips, and TruckY can make no more than 70 trips. The company aims to maximize the total revenue from all vehicle trips.",1102500,563,nonlinear-table,Total Revenue
prob_565,prob_565,"A company is planning to optimize its energy consumption by investing in three types of renewable energy sources: Solar, Wind, and Hydro. The company aims to balance cost efficiency with environmental impact. The company has a budget of $150,000 for energy investments. The company aims to produce at least 360 units of energy in total. The company wants to ensure that at least 100 units of energy come from each source. The cost of producing one unit of solar energy is $500, wind energy is $300, and hydro energy is $400. The environmental impact score for producing one unit of solar energy is 3, wind energy is 2, and hydro energy is 4. The company wants to minimize the Cost-Impact ratio of the investment. (The Cost-Impact ratio is defined as the total cost of energy production divided by the total environmental impact score.)",125,564,nonlinear-notable,Cost-Impact Ratio
prob_566,prob_566,"The Office of Nutrition Inspection of the EU recently found out that dishes served at the dining and beverage facility ""Bullneck's"" such as herring, hot dogs, and house-style hamburgers do not comport with the new nutritional regulations, and its report mentioned explicitly the lack of vitamins A and C and dietary fiber. The owner and operator of the facility is attempting to rectify these shortcomings by augmenting the menu with vegetable side dishes, which he intends to create from white cabbage, carrots, and a stockpile of pickled cucumbers discovered in the cellar. The following table summarizes the numerical data: the prescribed amount of the vitamins and fiber per dish, their content in the foods, and the unit prices of the foods. For example, Carrot Raw contains 35 mg/kg Vitamin A, 60 mg/kg Vitamin C, and Dietary Fiber 30 g/kg as the praise is 0.75 and it's required per dish 0.5mg. For White Cabbage, Raw contains 0.5 mg/kg vitamin A, 300 mg/kg vitamin C, and Dietary Fiber 20 g/kg as the praise is 0.5 and it's required per dish 15mg. For Cucumber, Pickled contains 0.5 mg/kg vitamin A, 10 mg/kg vitamin C, and Dietary Fiber 10 g/kg as the praise is 0.15 and it's required per dish 4g. The objective function expresses the price of the combination. At what minimum additional price per dish can the requirements of the Office of Nutrition Inspection be satisfied?",0.07051091035,565,linear-table,The minimum additional price per dish
prob_567,prob_567,"The Office of Nutrition Inspection of the EU recently found that dishes served at ""Bullneck's"" dining and beverage facility, such as herring, hot dogs, and house-style hamburgers, do not meet the new nutritional regulations due to insufficient levels of vitamins A and C and dietary fiber. To address this, the owner is considering adding vegetable side dishes made from white cabbage, carrots, and a stockpile of pickled cucumbers. The table below provides the required amounts of vitamins and fiber per dish, their content in the foods, and the unit prices of the foods. The goal is to determine the minimum additional price per dish to meet the nutritional standards set by the Office of Nutrition Inspection. Table (Nutritional content and prices of food items): | Food Item | Vitamin A (mg/kg) | Vitamin C (mg/kg) | Dietary Fiber (g/kg) | Price ($/kg) | Required Amount Per Dish | | ---------------- | ----------------- | ----------------- | -------------------- | ------------ | ------------------------ | | Carrot, Raw | 35 | 60 | 30 | 0.75 | Vitamin A: 0.5mg | | White Cabbage, Raw | 0.5 | 300 | 20 | 0.5 | Vitamin C: 15mg | | Cucumber, Pickled | 0.5 | 10 | 10 | 0.15 | Dietary Fiber: 4g | The objective function will express the price of the combination. What is the minimum additional price per dish to satisfy the nutritional requirements?",0.07051091035,566,linear-table,The minimum additional price per dish
prob_568,prob_568,"A lighting company has access to two types of lights to provide their customers, an LED fixture, and a fluorescence lamp. The LED light uses 5 units of electricity per hour and needs to be changed 3 times a decade. Conversely, the fluorescence lamp uses 8 units of electricity per hour and needs to be changed 4 times a decade. Due to previous installations, at least 30% implemented lights must be fluorescence lamps. If the customer requires at least 300 light fixtures and can use at most 2000 units of electricity, how many of each light should be installed to reduce the total number of light changes?",990,567,linear-notable,The total number of light changes
prob_569,prob_569,"A company sells custom scooters and bikes for customers. The profit per scooter is $200 and the profit per bike is $300. Each product requires time with the design team and engineering team. Each scooter needs 2 hours with the design team and 3 hours with the engineering team. Each bike needs 4 hours with the design team and 5 hours with the engineering team. Per month, there are 5000 hours available on the design team and 6000 hours available on the engineering team. How many of each should the company make per month to maximize profit?",400000,568,linear-notable,Total profit
prob_570,prob_570,A young boy is trying to gain weight and put muscle. He can eat both tuna salad sandwiches and chicken salad sandwiches. He wants to get a minimum of 100 units of protein and 150 units of fat per day. A tuna salad sandwich costs $5 and contains 20 units of protein and 25 units of fat. A chicken salad sandwich costs $7 and contains 25 units of protein and 15 units of fat. How many of each should he eat to minimize his cost?,30,569,linear-notable,The total cost
prob_571,prob_571,"A clothing company can sell their product in two types of stores, a retail store and a factory outlet. A retail store brings in 200 customers every day and requires 6 employees to operate. A factory outlet brings in 80 customers every day and due to the lower traffic and being in more remote areas, requires 4 employees to run. Company executives decided that there must be at least 1200 customers every day, and can make available 50 employees. How should the company distribute their product to the two types of store to reduce the number of stores that must be open?",6,570,linear-notable,The total number of stores
prob_572,prob_572,"A cosmetics company makes low, medium, and high quality face wash. A low quality face wash contains 1 unit of rare ingredients and 4 units of water. A medium quality face wash contains 3 units of rare ingredients and 2 units of water. A high quality face wash contains 4 units of rare ingredients and 1 unit of water. The company has available 100 units of rare ingredients and 200 units of water. If the profit per low quality face wash is $3, the profit per medium quality face wash is $7, and the profit per high quality face wash is $9, how many of each should be made to maximize profits?",260,571,linear-notable,The total profit
prob_573,prob_573,"A bakery produces three types of pastries: Classic, Gourmet, and Vegan. The bakery needs to determine the quantities of each pastry to produce daily, and whether to use regular or premium ingredients for each type of pastry. The profit per unit for each type of pastry with regular and premium ingredients is given in the following Table. | Pastry | Profit per Unit (Regular Ingredients) | Profit per Unit (Premium Ingredients) | |------------|--------------------------------------|--------------------------------------| | Classic | 2$ | 3$ | | Gourmet | 4$ | 5$ | | Vegan | 3$ | 4$ | The bakery has a daily supply of 100 kg of regular ingredients and 50 kg of premium ingredients. The regular ingredients required per unit are 0.5 kg for Classic, 0.8 kg for Gourmet, and 0.6 kg for Vegan. The premium ingredients required per unit are 0.8 kg for Classic, 1.2 kg for Gourmet, and 1 kg for Vegan. The bakery has a daily production capacity of 200 pastries. The market has a demand limit for each pastry: 150 pastries for Classic, 100 pastries for Gourmet, and 80 pastries for Vegan. The bakery wants to maximize the total daily profit from selling the pastries.",686,572,nonlinear-table,Total Profit
prob_574,prob_574,"A clothing company makes flight jackets and denim jackets in their factory. A different team produces each kind of jacket and each team has a different maximum production rate: 10 flight jackets per day and 25 denim jackets per day respectively. Both teams require the use of a sewing machine and this machine can process at most 30 jackets per day of either type. While the flight jackets generate a profit of $70 per jacket, the denim jackets generate a profit of $100 per jacket. Assuming the company can sell all the jackets they make, how many of each type of jacket should they make to maximize profit?",2850,573,linear-notable,The maximum profit
prob_575,prob_575,"A candy company wants to make a special mix using sour cherry candies and sour peach candies. Each sour cherry candy has 2 units of citric acid and 3 units of sugar. Each sour peach candy has 1 units of citric acid and 4 units of sugar. The special mix must contain at least 50 units of citric acid and 60 units of sugar. In addition, there can be at most 10 sour cherry candies in the mixture. If the cost per sour cherry candy is $0.10 and the cost per sour peach candy is $0.12, how many of each should be in the mixture to minimize costs?",4.6,574,linear-notable,The total cost of the candies
prob_576,prob_576,A box with square base and no top is to hold a volume 100. Find the dimensions of the box that requires the least material for the five sides. Also find the ratio of height to side of the base.,102.59855554521748,575,nonlinear-notable,The minimum surface area of the box
prob_577,prob_577,"A drop-in clinic is performing a test either through the ear or blood. A blood test takes 30 minutes to perform while an ear test takes 5 minutes to perform. Since the blood test is more accurate, at least three times as many blood tests should be performed as ear tests. However, at least 12 ear tests must be administered. If the drop-in clinic operates for 7525 minutes, maximize the number of tests that can be performed.",316,576,linear-notable,The total number of tests performed
prob_578,prob_578,"A dessert shop is popular for their only two desserts - matcha ice cream and orange sorbet. Two units of flavouring and four units of ice cream is required to make one order of matcha ice cream. Four units of flavouring and three units of water is required to make an order of orange sorbet. The dessert shop has recently been getting more orders online for orange sorbet and therefore, there should be more orange sorbet made than matcha ice cream. However, at least fifteen percent of desserts made must be matcha ice cream. The dessert shop has available 600 units of ice cream and 550 units of water. How many of each dessert should the shop make to minimize the total amount of flavouring needed?",10,577,linear-notable,The total amount of flavoring needed
prob_579,prob_579,"You want to sell a kind of item in order to maximize your profit. The price must be a multiple of 10 cents. Market research tells you that if you set the price at $1.50, you will be able to sell 5000 items, and for every 10 cents you lower the price below $1.50 you will be able to sell another 1000 items. Suppose that your fixed costs (''start-up costs'') total $2000, and the per item cost of production (''marginal cost'') is $0.50. Find the price to set per item and the number of items sold in order to maximize profit, and also determine the maximum profit you can get.",3600,578,nonlinear-notable,The maximum profit you can get
prob_580,prob_580,"Many companies or institutions, especially those operating 24 hours daily, usually divide the daily schedule into discrete time windows. Examples include hospitals, restaurants, call centers, and police departments. The number of staff required typically varies among these time windows. Staff members are scheduled to work different shifts, each covering a certain number of consecutive time windows. Staff members assigned to different shifts may be paid differently, depending on which shift they work. For example, those working overnight are usually paid at a higher rate. The scheduling problem is to determine the number of workers to be assigned to each shift so that the company meets the demand in each time window. Consider a 24-hour fast food restaurant that operates in eight consecutive time windows, each of 3 hours duration. A shift covers three consecutive time windows (9 hours in total). The following table shows the number of workers required for each time window and the wage rate per 9-hour shift. Table (Number of workers required and wage rate per shift for a 24-hour fast food restaurant): | Time Window | Shift 1 | Shift 2 | Shift 3 | Shift 4 | Workers Required | | --------------- | ------- | ------- | ------- | ------- | ---------------- | | 6 a.m. - 9 a.m. | X | | | X | 55 | | 9 a.m. - 12 p.m.| X | | | | 46 | | 12 p.m. - 3 p.m.| X | X | | | 59 | | 3 p.m. - 6 p.m. | | X | | | 23 | | 6 p.m. - 9 p.m. | | X | X | | 60 | | 9 p.m. - 12 a.m.| | | X | | 38 | | 12 a.m. - 3 a.m.| | | X | X | 20 | | 3 a.m. - 6 a.m. | | | | X | 30 | | Wage Rate | $135 | $140 | $190 | $188 | | Note: ""X"" indicates the shifts that cover each time window. The goal is to determine the number of workers to assign to each shift to meet the demand in each time window while minimizing labor costs.",16650,579,linear-table,The total wage cost
prob_581,prob_581,"A city employs seasonal and permanent snow removers. A seasonal snow remover works 6 hours per shift and gets paid $120. A permanent snow remover works 10 hours per shift and gets paid $250. Currently the city needs 300 hours of snow remover labor after a heavy snowfall. If the city has a budget of $6500, how many of each type of worker should be hired to minimize the total number of snow removers?",44,580,linear-notable,The total number of snow removers
prob_582,prob_582,"A cone is made from a circular sheet with a radius of 2m, by cutting out a sector and gluing the cut edges of the remaining piece together. What is the maximum attainable volume for the cone?",3.224532575115765,581,nonlinear-notable,The maximum volume of the cone
prob_583,prob_583,"A woman on a diet needs to eat two types of meal preps, a smoothie and a protein bar. Each smoothie contains 2 units of protein and 300 calories. Each protein bar contains 7 units of protein and 250 calories. The woman must eat 2 times more protein bars than smoothies. If the woman can consume at most 2000 calories, how many of each should she eat or drink to maximize her protein intake?",2,582,linear-notable,The number of smoothies
prob_584,prob_584,"Chip Green is the head groundskeeper at Birdie Valley Golf Club. For the mix of grass for the golf course, Chip has decided that the best fertilizer would be a 10-8-12 mixture. Chip can buy a 10-8-12 mix of fertilizer for $21.75 per 100 pounds, but there are other fertilizers on the market at a variety of prices. The chemical content and prices of the fertilizers are given in the following Table. Chip would like to determine whether or not he could buy several fertilizers and mix them together to obtain a 10-8-12 mixture at a lower cost than $21.75 per 100 pounds. Recognizing that it might be impossible to obtain an exact 10-8-12 mix from the fertilizers, Chip is willing to accept chemical percentages of at least the target amounts, but no more than 0.5% above them (so the nitrogen level should be between 10% and 10.5%; the phosphorus level should be between 8% and 8.5%; the potash level should be between 12% and 12.5%). Please determine the proportion of each fertilizers in the compost. Table (Chemical content and price per 100 pounds of each fertilizer): | Fertilizer | Nitrogen (a) | Phosphorus (b) | Potash (c) | Price ($/100 lbs) | |------------|--------------|----------------|------------|-------------------| | Fertilizer 1 | 10 | 8 | 12 | 21.75 | | Fertilizer 2 | 8 | 11 | 15 | 23.75 | | Fertilizer 3 | 12 | 7 | 12 | 22.00 | | Fertilizer 4 | 10 | 10 | 10 | 19.50 | | Fertilizer 5 | 15 | 10 | 6 | 18.50 |",0.65,583,linear-table,The quantity of Fertilizer 1
prob_585,prob_585,"Wilson Creek Farm has 200 acres of land available for planting. The owner is considering planting three crops: corn, soybeans, and wheat. The owner expects to have only 35,000 gallons of water available per week to use for the crops, and during the growing season he will only have 8000 person-hours of labor available. The expected profit per bushel of each crop is $1.00 for corn, $1.60 for soybeans, and $3.00 for wheat. The owner can use any mix of crops (i.e., he can plant the same crop on all 200 acres or he can plant all three crops in different proportions). Formulate the problem as a linear program to find the profit-maximizing planting strategy. The production yield, water requirements, and labor requirements for a salable crop are given in the following Table. Table (Crop data including bushels produced per acre, water required per acre per week, and person-hours of labor required per acre): | Crop | Bushels/Acre Produced | Water Required (gal/acre/week) | Person-Hours Labor Required/Acre | | --------- | --------------------- | ------------------------------ | -------------------------------- | | Corn | 300 | 200 | 35 | | Soybeans | 200 | 150 | 40 | | Wheat | 80 | 125 | 30 |",64000,584,linear-table,Maximum Profit
prob_586,prob_586,"A battery store sells AA and D batteries. The store has a budget of $1000 and each AA battery costs $1 and each D battery costs $3. The monthly demand for both batteries will not exceed 1000. If the profit per AA battery is $0.50 and the profit per D battery is $1, how many of each should the store stock in order to maximize profit?",500,585,linear-notable,Total profit
prob_587,prob_587,"Wilson Creek Farm has 200 acres of land available for planting. The owner is considering planting three crops: corn, soybeans, and wheat. The production yield, water requirements, and labor requirements for a salable crop are given here. The owner expects to have only 35,000 gallons of water available per week to use for the crops, and during the growing season he will only have 8000 person-hours of labor available. The expected profit per bushel of each crop is $1.00 for corn, $1.60 for soybeans, and $3.00 for wheat. The owner can use any mix of crops (i.e., he can plant the same crop on all 200 acres or he can plant all three crops in different proportions). Formulate the problem as a linear program to find the profit-maximizing planting strategy. Here is the data for the problem: Crop: Corn, Soybeans, Wheat Bushels/Acre Produced: 300 200 80 Water Required (gal/acre/week): 200 150 125 Person-Hours Labor Required/Acre: 35 40 30",64000,586,linear-notable,Maximum Profit
prob_588,prob_588,"Glueco produces three types of glue on two different production lines. Each line can be utilized by up to seven workers at a time. Workers are paid $500 per week on production line 1, and $900 per week on production line 2. A week of production costs $1,000 to set up production line 1 and $2,000 to set up production line 2. During a week on a production line, each worker produces the number of units of glue shown in Table: Glue Production Line 1, 2; the glue 1, 2, 3: (20, 30, 40), (50, 35, 45). Each week, at least 120 units of glue 1, at least 150 units of glue 2, and at least 200 units of glue 3 must be produced. Formulate an LP to minimize the total cost of meeting weekly demands.",5900,587,linear-table,The total cost
prob_589,prob_589,"A burger chain is buying both gas and electric grills to make burger patties. A gas grill can cook 20 patties per minute while an electric grill can cook 30 patties per minute. The gas grill requires 20 units of cooking oil per minute while the electric grill requires 25 units of cooking oil per minute. Since the gas grill patties taste better, the number of electric grills must be less than the number of gas grills. Further, the burger chain wants to be able to make at least 150 patties per minute and use at most 140 units of cooking oil per minute. How many of each grill should be bought to minimize the total number of grills in the store?",6.2,588,linear-notable,Total number of grills in the store
prob_590,prob_590,A toy store sells plush toys and dolls. Each plush toy costs the store $3 and each doll costs the store $2. The store owner can spend at most $700 on inventory. Each plush toy is then sold for a profit of $4 while each doll is sold for a profit of $2. The owner estimates that at least 90 plush toys but at most 190 plush toys are sold each month. He also estimates that the number of dolls sold is at most twice the amount of plush toys sold. How many of each should be bought and sold to maximize profit?,890,589,linear-notable,The profit made
prob_591,prob_591,"A restaurant has two combos available to their customers, an original and an experimental meal. The original meal typically generates 20 units of food waste and 45 units of wrapping waste and takes 10 minutes to cook. In comparison, the experimental meal generates 25 units of food waste and 35 units of wrapping waste and takes 15 minutes to cook. The restaurant can have at most 900 units of wrapping waste and can have at most 800 units of food waste as regulated by the government. How many of each combo should be pushed for by the waiting staff to minimize the cooking time?",0,590,linear-notable,The total cooking time
prob_592,prob_592,Find the area of the largest rectangle that fits inside a semicircle. one side of the rectangle is along the diameter of the semicircle. The radius of the semicircle is 10. Please provide the area and the shape of the rectangle that maximizes the area.,100,591,nonlinear-notable,The maximum area of the rectangle
prob_593,prob_593,"A manufacturer can sell product 1 at a profit of $2/unit and product 2 at a profit of $5/unit. Three units of raw material are needed to manufacture 1 unit of product 1, and 6 units of raw material are needed to manufacture 1 unit of product 2. A total of 120 units of raw material are available. If any of product 1 is produced, a setup cost of $10 is incurred, and if any of product 2 is produced, a setup cost of $20 is incurred. Maximize profits.",80,592,linear-notable,The total profit
prob_594,prob_594,"A flight has 150 tickets. A profit of $150 is made on each first-class ticket and a profit of $350 is made on each economy-class ticket. The flight reserves at least 20 tickets to be first-class but because the journey is short, at least 3 times as many people prefer to save money and travel by economy-class than first-class. How many of each ticket type should be sold to passengers to maximize profit?",48500,593,linear-notable,The maximum profit
prob_595,prob_595,"A souvenir shop makes wooden elephants and tigers with plastic ornaments. Each elephant requires 50 grams of wood and 20 grams of plastic. Each tiger requires 40 grams of wood and 30 grams of plastic. In a week, 5000 grams of wood and 4000 grams of plastic are available. The profit per elephant sold is $5 and the profit per tiger sold is $4. How many of each should be made in order to maximize profit?",500,594,linear-notable,The total profit
prob_596,prob_596,"A butcher shop is buying meat slicers for their shop, a manual and automatic slicer. The manual slicer can cut 5 slices per minute while the automatic slicer can cut 8 slices per minute. In addition, to make sure all the parts operate smoothly, the manual slicer requires 3 units of grease per minute while the automatic slicer requires 6 units of grease per minute. Since the automatic slicer does not need someone to operate it, the number of manual slicers must be less than the number of automatic slicers. In addition, the butcher shop needs to be able to cut at least 50 slices per minute but can use at most 40 units of grease per minute. How many of each slicer should the butcher shop buy to minimize the total number of slicers in the shop?",7,595,linear-notable,The minimum total number of slicers
prob_597,prob_597,A electronics store sells premium desktops with more power as well as regular desktops for everyday use. Each premium desktop costs the store $2000 to make and yields a profit of $500. Each regular desktop costs the store $1000 to make and yields a profit of $300. The store sells at most 200 desktops each month and wants to spend at most $300000 on making the desktops. How many of each should be made and sold to maximize profit?,80000,596,linear-notable,The total profit
prob_598,prob_598,"A paint store mixes two brands of paint, Ruby and Sapphire, to create a new mixture of paint. A can of Ruby paint costs $12 and a can of Sapphire paint costs $15. A can of Ruby paint contains 2 units of dye, 4 units of thinner, and 5 units of water. A can of Sapphire paint contains 4 units of dye, 6 units of thinner, and 2 units of water. The minimum requirements of dye, thinner, and water for the new mixture are 15 units, 20 units, and 18 units respectively. How many cans of each paint brand should be mixed to achieve the new mixture at a minimum cost?",78,597,linear-notable,The minimum cost of the mixture
prob_599,prob_599,"A student group makes chocolate chip and oatmeal cookies. To make a batch of chocolate chip cookies, it take 10 minutes to gather the ingredients, 20 minutes to mix them, and 50 minutes for baking. To make a batch of oatmeal cookies, it takes 8 minutes to gather the ingredients, 15 minutes to mix them, and 30 minutes for baking. Per week, the group has 1000 minutes to gather ingredients, 1200 minutes for mixing, and 3000 minutes for baking. If the profit per batch of chocolate chip cookies is $12 and the profit per batch of oatmeal cookies is $15, how many batches of each should be made to maximize profit?",1200,598,linear-notable,Total profit
prob_600,prob_600,"An office is buying printers for their headquarters, a premium model and regular model. The premium model can print 30 pages per minute while the regular model can print 20 pages per minute. In addition, the premium model requires 4 units of ink per minute while the regular model requires 3 units of ink per minute. The office wants to make sure that at least 200 pages can be printed per minute and that at most 35 units of ink are used per minute. Since the premium model is more user friendly, the number regular printers must be less than the number of premium printers. How many of each printer should be bought to minimize the total number of printers in the office?",7,599,linear-notable,The total number of printers
prob_601,prob_601,"A city is planning to install three types of renewable energy facilities: solar, wind, and hydro. The city needs to decide the number of each type of facility to build and the amount of land required for each facility. The goal is to maximize the total energy output while considering the available land and budget constraints. The city has a total of 100 acres of land available for the installation of these facilities. The city has a budget of $1000,000 for the construction of these facilities. The cost per solar facility is $10,000, per wind facility is $15,000, and per hydro facility is $20,000. The city aims to have at least 10,000 kWh of energy output per day. The city wants to ensure that at least 100 facility is installed. The energy output per solar facility is 500 kWh, per wind facility is 700 kWh, and per hydro facility is 1000 kWh. The city aims to maximize the total daily energy output from all facilities.",50000,600,nonlinear-notable,Total daily Energy Output
prob_602,prob_602,An open-top box is to be made from a 24 inch by 36 inch piece of cardboard by removing a square from each corner of the box and folding up the flaps on each side. What size square should be cut out of each corner to get a box with the maximum volume?,1825.2965881577802,601,nonlinear-notable,The maximum volume of the box
prob_603,prob_603,A gardener has a field of 100 square feet in which he plants sunflowers and roses. The seed for sunflowers costs $67 per square foot. The seed for roses costs $52 per square foot. The gardener has available a budget of $6500 to spend on seeds. The profit per square foot of sunflowers is $450 and the profit per square foot of roses is $100. Find the optimal solution for the gardener in order to maximize profit.,43656.716250000005,602,linear-notable,The total profit
prob_604,prob_604,"A company produces four types of gadgets: G1, G2, G3, and G4, and a new type of gadget G5. They need to determine the quantities of each gadget to produce. For G2, the revenue per unit is $60, the production time per unit is 3 hours, and the material cost per unit is $25. For G3, the revenue per unit is $70, the production time per unit is 4 hours, and the material cost per unit is $30. For G4, the revenue per unit is $80, the production time per unit is 5 hours, and the material cost per unit is $35. For G5, the revenue per unit is $90, the production time per unit is 6 hours, and the material cost per unit is $40. The company only has one production line and can only produce one gadget at a time. The company wants to maximize the profit efficiency (profit per hour of production time). The company has a limited production time of 100 hours. The company has a budget of $5000 for material costs. To meet market demand, the company needs to produce at least 40 gadgets in total. For G1, the revenue per unit is $50, the production time per unit is 2 hours, and the material cost per unit is $20.",15,603,nonlinear-notable,Profit Efficiency
prob_605,prob_605,"A manufacturing company produces three types of electronic devices: Smartphones, Tablets, and Laptops. The company needs to decide the production quantities for each device to optimize its resources and profits. The company has a limited supply of a critical component used in all devices, which is 1500 units. Each Smartphone requires 1 unit, each Tablet requires 2 units, and each Laptop requires 3 units of this component. There is a market demand constraint for each device. The maximum demand for Smartphones is 500 units, for Tablets is 400 units, and for Laptops is 300 units. The company has a total production capacity constraint of 1000 units across all devices. The profit per unit for Smartphones is $100, for Tablets is $150, and for Laptops is $200. Due to economies of scale, the profit per unit increases by $0.5 for each unit produced above 100 for each type of device. The company aims to maximize its total profit from the sales of these devices.",283200,604,nonlinear-notable,Total Profit
